-- phpMyAdmin SQL Dump
-- version 3.3.9
-- http://www.phpmyadmin.net
--
-- Host: localhost
-- Generation Time: Aug 25, 2022 at 11:06 AM
-- Server version: 5.5.8
-- PHP Version: 5.3.5

SET SQL_MODE="NO_AUTO_VALUE_ON_ZERO";


/*!40101 SET @OLD_CHARACTER_SET_CLIENT=@@CHARACTER_SET_CLIENT */;
/*!40101 SET @OLD_CHARACTER_SET_RESULTS=@@CHARACTER_SET_RESULTS */;
/*!40101 SET @OLD_COLLATION_CONNECTION=@@COLLATION_CONNECTION */;
/*!40101 SET NAMES utf8 */;

--
-- Database: `hostel`
--

-- --------------------------------------------------------

--
-- Table structure for table `admission`
--

CREATE TABLE IF NOT EXISTS `admission` (
  `admission_id` int(10) NOT NULL AUTO_INCREMENT,
  `hostellerid` int(10) NOT NULL,
  `room_id` int(10) NOT NULL,
  `start_date` date NOT NULL,
  `end_date` date NOT NULL,
  `food_type` varchar(25) NOT NULL,
  `status` varchar(10) NOT NULL,
  PRIMARY KEY (`admission_id`)
) ENGINE=InnoDB  DEFAULT CHARSET=latin1 AUTO_INCREMENT=122432 ;

--
-- Dumping data for table `admission`
--

INSERT INTO `admission` (`admission_id`, `hostellerid`, `room_id`, `start_date`, `end_date`, `food_type`, `status`) VALUES
(122412, 123, 21, '2021-03-10', '2022-04-10', 'Veg', 'Active'),
(122413, 3265, 202, '2021-04-07', '2022-04-07', 'Veg', 'Active'),
(122414, 3266, 202, '2021-04-05', '2022-04-10', 'Veg', 'Active'),
(122416, 3268, 26, '2022-09-14', '2023-09-14', 'Veg', 'Active'),
(122417, 3269, 27, '2022-10-15', '2023-10-15', 'Veg', 'Active'),
(122418, 3270, 217, '2022-11-15', '2023-11-15', 'Veg', 'Active'),
(122420, 3272, 28, '2022-07-18', '2023-07-18', 'Veg', 'Pending'),
(122423, 3275, 212, '2022-09-20', '2023-09-20', 'Veg', 'Active'),
(122424, 3276, 204, '2022-09-08', '2023-09-08', 'Nonveg', 'Active'),
(122425, 3277, 212, '2022-08-31', '2023-08-31', 'Nonveg', 'Active'),
(122427, 3280, 213, '2022-09-01', '2023-09-01', 'Nonveg', 'Active'),
(122429, 3282, 204, '2022-08-25', '2023-08-25', 'Veg', 'Active'),
(122430, 3284, 21, '2022-08-25', '2023-08-25', 'Veg', 'Active'),
(122431, 3285, 25, '2022-08-25', '2023-08-25', 'Veg', 'Active');

-- --------------------------------------------------------

--
-- Table structure for table `attendance`
--

CREATE TABLE IF NOT EXISTS `attendance` (
  `attendanceid` int(10) NOT NULL AUTO_INCREMENT,
  `admission_id` int(10) NOT NULL,
  `attdate` date NOT NULL,
  `attendancestatus` varchar(10) NOT NULL,
  PRIMARY KEY (`attendanceid`)
) ENGINE=InnoDB  DEFAULT CHARSET=latin1 AUTO_INCREMENT=166 ;

--
-- Dumping data for table `attendance`
--

INSERT INTO `attendance` (`attendanceid`, `admission_id`, `attdate`, `attendancestatus`) VALUES
(4, 122419, '2022-07-03', 'Present'),
(5, 122419, '2022-07-04', 'Present'),
(14, 122419, '2022-06-07', 'Present'),
(16, 122419, '2022-06-08', 'Present'),
(17, 122419, '2022-06-09', 'Present'),
(18, 122419, '2022-06-10', 'Present'),
(19, 122419, '2022-06-11', 'Present'),
(20, 122419, '2022-06-12', 'Present'),
(21, 122419, '2022-06-13', 'Present'),
(22, 122419, '2022-06-14', 'Present'),
(23, 122419, '2022-06-15', 'Present'),
(24, 122419, '2022-06-16', 'Present'),
(25, 122419, '2022-06-18', 'Present'),
(27, 122419, '2022-06-20', 'Present'),
(28, 122419, '2022-05-01', 'Present'),
(29, 122419, '2022-05-02', 'Present'),
(31, 122419, '2022-05-03', 'Present'),
(32, 122419, '2022-05-04', 'Present'),
(33, 122419, '2022-05-05', 'Present'),
(34, 122419, '2022-05-06', 'Present'),
(35, 122419, '2022-05-07', 'Present'),
(36, 122419, '2022-05-08', 'Present'),
(37, 122419, '2022-05-09', 'Present'),
(38, 122419, '2022-05-10', 'Present'),
(39, 122419, '2022-05-11', 'Present'),
(40, 122419, '2022-05-12', 'Present'),
(41, 122419, '2022-05-13', 'Present'),
(42, 122419, '2022-05-14', 'Present'),
(44, 122419, '2022-05-16', 'Present'),
(45, 122419, '2022-05-15', 'Present'),
(46, 122419, '2022-05-17', 'Present'),
(48, 122419, '2022-05-18', 'Present'),
(49, 122419, '2022-06-19', 'Present'),
(50, 122419, '2022-05-20', 'Present'),
(52, 122419, '2022-05-21', 'Present'),
(54, 122419, '2022-05-22', 'Present'),
(55, 122419, '2022-05-23', 'Present'),
(56, 122419, '2022-05-25', 'Present'),
(61, 122419, '2022-05-26', 'Present'),
(62, 122419, '2022-05-27', 'Present'),
(64, 122419, '2022-05-29', 'Present'),
(65, 122419, '2022-05-30', 'Present'),
(66, 122419, '2022-05-31', 'Present'),
(67, 122419, '2022-05-19', 'Present'),
(68, 122419, '2022-05-24', 'Present'),
(69, 122419, '2022-05-28', 'Present'),
(70, 122419, '2022-06-01', 'Absent'),
(71, 122421, '2022-06-01', 'Present'),
(72, 122419, '2022-06-02', 'Present'),
(73, 122421, '2022-06-02', 'Present'),
(74, 122419, '2022-06-03', 'Present'),
(75, 122421, '2022-06-03', 'Present'),
(76, 122419, '2022-06-04', 'Present'),
(77, 122421, '2022-06-04', 'Present'),
(78, 122419, '2022-06-05', 'Present'),
(79, 122421, '2022-06-05', 'Present'),
(80, 122419, '2022-06-06', 'Present'),
(81, 122421, '2022-06-06', 'Present'),
(82, 122419, '2022-04-08', 'Present'),
(83, 122421, '2022-04-08', 'Present'),
(84, 122419, '2022-07-22', 'Present'),
(85, 122421, '2022-07-22', 'Present'),
(86, 122415, '2022-08-22', 'Absent'),
(87, 122419, '2022-08-22', 'Absent'),
(88, 122421, '2022-08-22', 'Absent'),
(89, 122422, '2022-08-22', 'Absent'),
(90, 122426, '2022-08-22', 'Present'),
(91, 122415, '2022-09-01', 'Present'),
(92, 122419, '2022-09-01', 'Present'),
(93, 122421, '2022-09-01', 'Present'),
(94, 122422, '2022-09-01', 'Present'),
(95, 122425, '2022-09-01', 'Present'),
(96, 122426, '2022-09-01', 'Present'),
(97, 122427, '2022-09-01', 'Present'),
(98, 122415, '2022-08-18', 'Present'),
(99, 122419, '2022-08-18', 'Present'),
(100, 122421, '2022-08-18', 'Present'),
(101, 122422, '2022-08-18', 'Present'),
(102, 122425, '2022-08-18', 'Present'),
(103, 122426, '2022-08-18', 'Present'),
(104, 122427, '2022-08-18', 'Absent'),
(105, 122415, '2021-04-01', 'Absent'),
(106, 122419, '2021-04-01', 'Absent'),
(107, 122421, '2021-04-01', 'Absent'),
(108, 122422, '2021-04-01', 'Present'),
(109, 122425, '2021-04-01', 'Absent'),
(110, 122426, '2021-04-01', 'Present'),
(111, 122427, '2021-04-01', 'Absent'),
(112, 122415, '2021-04-02', 'Present'),
(113, 122419, '2021-04-02', 'Present'),
(114, 122421, '2021-04-02', 'Present'),
(115, 122422, '2021-04-02', 'Present'),
(116, 122425, '2021-04-02', 'Present'),
(117, 122426, '2021-04-02', 'Present'),
(118, 122427, '2021-04-02', 'Present'),
(119, 122415, '2021-04-24', 'Present'),
(120, 122419, '2021-04-24', 'Present'),
(121, 122421, '2021-04-24', 'Present'),
(122, 122422, '2021-04-24', 'Present'),
(123, 122425, '2021-04-24', 'Present'),
(124, 122426, '2021-04-24', 'Present'),
(125, 122427, '2021-04-24', 'Present'),
(126, 122415, '2021-05-04', 'Present'),
(127, 122419, '2021-05-04', 'Present'),
(128, 122421, '2021-05-04', 'Present'),
(129, 122422, '2021-05-04', 'Present'),
(130, 122425, '2021-05-04', 'Present'),
(131, 122426, '2021-05-04', 'Present'),
(132, 122427, '2021-05-04', 'Present'),
(133, 122415, '2021-05-05', 'Present'),
(134, 122419, '2021-05-05', 'Present'),
(135, 122421, '2021-05-05', 'Present'),
(136, 122422, '2021-05-05', 'Present'),
(137, 122425, '2021-05-05', 'Present'),
(138, 122426, '2021-05-05', 'Present'),
(139, 122427, '2021-05-05', 'Present'),
(140, 122415, '2021-05-06', 'Present'),
(141, 122419, '2021-05-06', 'Present'),
(142, 122421, '2021-05-06', 'Present'),
(143, 122422, '2021-05-06', 'Present'),
(144, 122425, '2021-05-06', 'Present'),
(145, 122426, '2021-05-06', 'Present'),
(146, 122427, '2021-05-06', 'Present'),
(147, 122415, '2021-05-07', 'Present'),
(148, 122419, '2021-05-07', 'Present'),
(149, 122421, '2021-05-07', 'Present'),
(150, 122422, '2021-05-07', 'Present'),
(151, 122425, '2021-05-07', 'Present'),
(152, 122426, '2021-05-07', 'Present'),
(153, 122427, '2021-05-07', 'Present'),
(154, 122415, '2022-03-01', 'Present'),
(155, 122419, '2022-03-01', 'Present'),
(156, 122421, '2022-03-01', 'Present'),
(157, 122422, '2022-03-01', 'Present'),
(158, 122425, '2022-03-01', 'Present'),
(159, 122426, '2022-03-01', 'Present'),
(160, 122427, '2022-03-01', 'Present'),
(162, 122429, '2022-08-25', 'Present'),
(163, 122429, '2022-07-25', 'Present'),
(164, 122429, '2022-07-19', 'Present'),
(165, 122429, '2022-07-06', 'Present');

-- --------------------------------------------------------

--
-- Table structure for table `billing`
--

CREATE TABLE IF NOT EXISTS `billing` (
  `billid` int(10) NOT NULL AUTO_INCREMENT,
  `admission_id` int(10) NOT NULL,
  `guestid` int(10) NOT NULL,
  `bill_type` varchar(50) NOT NULL COMMENT 'Hostel Fees, Mess Bill, Water Electricity bill(Generates on blockwise), Mess Bill Penalty, Hostel Fees Payment, Mess Bill Payment, Water Electricity bill Payment, Mess Bill Penalty Payment, Guest Payment, Maintanance Charge, Maintanance Charge payment,',
  `paid_amt` double(10,2) NOT NULL,
  `paid_date` date NOT NULL,
  `payment_type` varchar(25) NOT NULL,
  `particulars` text NOT NULL,
  `status` varchar(10) NOT NULL,
  PRIMARY KEY (`billid`)
) ENGINE=InnoDB  DEFAULT CHARSET=latin1 AUTO_INCREMENT=157 ;

--
-- Dumping data for table `billing`
--

INSERT INTO `billing` (`billid`, `admission_id`, `guestid`, `bill_type`, `paid_amt`, `paid_date`, `payment_type`, `particulars`, `status`) VALUES
(132, 122413, 0, 'Hostel Fees Payment', 25000.00, '2021-04-07', 'Credit card', 'Card Holder: Pranesh <br> Card number: 1234567890123456 <br> CVV Number: 157 <br> Expiry Date: ', 'Active'),
(133, 122413, 0, 'Mess bill', 86.00, '2021-04-08', 'Debit card', '2021-04', 'Active'),
(134, 122414, 0, 'Hostel Fees Payment', 25000.00, '2021-04-05', 'Credit card', 'Card Holder: Rajesh kumar <br> Card number: 1234567890123456 <br> CVV Number: 158 <br> Expiry Date: ', 'Active'),
(136, 122416, 0, 'Hostel Fees Payment', 25000.00, '2022-08-14', 'Debit card', 'Card Holder: hh <br> Card number: 1234567812345678 <br> CVV Number: 567 <br> Expiry Date: ', 'Active'),
(137, 122417, 0, 'Hostel Fees Payment', 25000.00, '2022-10-15', 'Credit card', 'Card Holder: annu <br> Card number: 1234567812345678 <br> CVV Number: 678 <br> Expiry Date: ', 'Active'),
(153, 122429, 0, 'Hostel Fees Payment', 22000.00, '2022-08-25', 'Debit card', 'Card Holder: annu <br> Card number: 1234567812345678 <br> CVV Number: 123 <br> Expiry Date: ', 'Active'),
(154, 122429, 0, 'Mess bill', 1465.00, '2022-08-25', '', '2022-07', 'Active'),
(155, 122430, 0, 'Hostel Fees Payment', 25000.00, '2022-08-25', 'Credit card', 'Card Holder: annu <br> Card number: 1234567812345678 <br> CVV Number: 123 <br> Expiry Date: ', 'Active'),
(156, 122431, 0, 'Hostel Fees Payment', 25000.00, '2022-08-25', 'Credit card', 'Card Holder: wafa <br> Card number: 1234567812345678 <br> CVV Number: 678 <br> Expiry Date: ', 'Active');

-- --------------------------------------------------------

--
-- Table structure for table `blocks`
--

CREATE TABLE IF NOT EXISTS `blocks` (
  `block_id` int(10) NOT NULL AUTO_INCREMENT,
  `block_name` varchar(25) NOT NULL,
  `description` text NOT NULL,
  `status` varchar(10) NOT NULL,
  PRIMARY KEY (`block_id`)
) ENGINE=InnoDB  DEFAULT CHARSET=latin1 AUTO_INCREMENT=7 ;

--
-- Dumping data for table `blocks`
--

INSERT INTO `blocks` (`block_id`, `block_name`, `description`, `status`) VALUES
(1, 'New Block', 'New Block', 'Active'),
(2, 'Old Block', 'Old Block', 'Active');

-- --------------------------------------------------------

--
-- Table structure for table `employee`
--

CREATE TABLE IF NOT EXISTS `employee` (
  `emp_id` int(10) NOT NULL AUTO_INCREMENT,
  `emp_name` varchar(50) NOT NULL,
  `login_id` varchar(20) NOT NULL,
  `password` varchar(20) NOT NULL,
  `emp_type` varchar(20) NOT NULL COMMENT 'Admin, Accountant, Warden',
  `gender` varchar(10) NOT NULL,
  `designation` varchar(50) NOT NULL,
  `status` varchar(10) NOT NULL,
  PRIMARY KEY (`emp_id`)
) ENGINE=InnoDB  DEFAULT CHARSET=latin1 AUTO_INCREMENT=21 ;

--
-- Dumping data for table `employee`
--

INSERT INTO `employee` (`emp_id`, `emp_name`, `login_id`, `password`, `emp_type`, `gender`, `designation`, `status`) VALUES
(12, 'Admin', 'admin', 'admin123', 'Admin', 'Male', 'Administrator', 'Active');

-- --------------------------------------------------------

--
-- Table structure for table `feedback`
--

CREATE TABLE IF NOT EXISTS `feedback` (
  `feedback_id` int(10) NOT NULL AUTO_INCREMENT,
  `hostellerid` int(10) NOT NULL,
  `feedbackdttime` datetime NOT NULL,
  `feedbacksubject` varchar(150) NOT NULL,
  `feedbackmessage` text NOT NULL,
  PRIMARY KEY (`feedback_id`)
) ENGINE=InnoDB  DEFAULT CHARSET=latin1 AUTO_INCREMENT=33 ;

--
-- Dumping data for table `feedback`
--

INSERT INTO `feedback` (`feedback_id`, `hostellerid`, `feedbackdttime`, `feedbacksubject`, `feedbackmessage`) VALUES
(32, 3282, '2022-08-25 15:10:43', 'canteen', 'ok');

-- --------------------------------------------------------

--
-- Table structure for table `fees`
--

CREATE TABLE IF NOT EXISTS `fees` (
  `fee_id` int(10) NOT NULL AUTO_INCREMENT,
  `admission_id` int(10) NOT NULL,
  `fee_str_id` int(10) NOT NULL,
  `total_fees` double(10,2) NOT NULL,
  `invoice_date` date NOT NULL,
  `status` varchar(20) NOT NULL,
  PRIMARY KEY (`fee_id`)
) ENGINE=InnoDB  DEFAULT CHARSET=latin1 AUTO_INCREMENT=75 ;

--
-- Dumping data for table `fees`
--

INSERT INTO `fees` (`fee_id`, `admission_id`, `fee_str_id`, `total_fees`, `invoice_date`, `status`) VALUES
(55, 122412, 3, 25000.00, '2021-04-07', 'Active'),
(56, 122413, 11, 25000.00, '2021-04-07', 'Active'),
(57, 122414, 11, 25000.00, '2021-04-10', 'Active'),
(58, 122415, 3, 25000.00, '2022-08-14', 'Active'),
(59, 122416, 3, 25000.00, '2022-08-14', 'Active'),
(60, 122417, 3, 25000.00, '2022-09-15', 'Active'),
(61, 122418, 27, 10000.00, '2022-11-15', 'Active'),
(62, 122419, 3, 25000.00, '2022-07-18', 'Active'),
(63, 122420, 3, 25000.00, '2022-07-18', 'Pending'),
(64, 122421, 3, 25000.00, '2022-07-18', 'Active'),
(65, 122422, 3, 25000.00, '2022-07-22', 'Active'),
(66, 122423, 5, 1000.00, '2022-07-22', 'Active'),
(67, 122424, 13, 3700.00, '2022-07-22', 'Active'),
(68, 122425, 5, 1000.00, '2022-08-22', 'Active'),
(69, 122426, 3, 25000.00, '2022-08-22', 'Active'),
(70, 122427, 17, 10000.00, '2022-09-01', 'Active'),
(71, 122428, 3, 25000.00, '2022-08-24', 'Active'),
(72, 122429, 13, 22000.00, '2022-08-25', 'Active'),
(73, 122430, 3, 25000.00, '2022-08-25', 'Active'),
(74, 122431, 3, 25000.00, '2022-08-25', 'Active');

-- --------------------------------------------------------

--
-- Table structure for table `fees_structure`
--

CREATE TABLE IF NOT EXISTS `fees_structure` (
  `fee_str_id` int(10) NOT NULL AUTO_INCREMENT,
  `block_id` int(10) NOT NULL,
  `hostellertype` varchar(15) NOT NULL COMMENT 'Employee and Student',
  `room_type` varchar(25) NOT NULL COMMENT 'Single, Double, Thriple',
  `cost` float(10,2) NOT NULL,
  `status` varchar(10) NOT NULL,
  PRIMARY KEY (`fee_str_id`)
) ENGINE=InnoDB  DEFAULT CHARSET=latin1 AUTO_INCREMENT=30 ;

--
-- Dumping data for table `fees_structure`
--

INSERT INTO `fees_structure` (`fee_str_id`, `block_id`, `hostellertype`, `room_type`, `cost`, `status`) VALUES
(3, 1, 'Student', 'Single Occupancy', 25000.00, 'Active'),
(5, 1, 'Student', 'Double Sharing', 18000.00, 'Active'),
(6, 1, 'Student', 'Triple Sharing', 1400.00, 'Active'),
(12, 2, 'Student', 'Triple Sharing', 10000.00, 'Active'),
(13, 2, 'Student', 'single occupancy', 22000.00, 'Active'),
(17, 2, 'Student', 'Double Sharing', 16000.00, 'Active'),
(29, 0, 'Guest', '', 500.00, 'Active');

-- --------------------------------------------------------

--
-- Table structure for table `guest`
--

CREATE TABLE IF NOT EXISTS `guest` (
  `guestid` int(10) NOT NULL AUTO_INCREMENT,
  `name` varchar(25) NOT NULL,
  `visitreason` varchar(100) NOT NULL,
  `emailid` varchar(20) NOT NULL,
  `password` varchar(20) NOT NULL,
  `contactno` varchar(15) NOT NULL,
  `comment` text NOT NULL,
  `fromdate` date NOT NULL,
  `todate` date NOT NULL,
  `status` varchar(10) NOT NULL,
  PRIMARY KEY (`guestid`)
) ENGINE=InnoDB  DEFAULT CHARSET=latin1 AUTO_INCREMENT=62 ;

--
-- Dumping data for table `guest`
--

INSERT INTO `guest` (`guestid`, `name`, `visitreason`, `emailid`, `password`, `contactno`, `comment`, `fromdate`, `todate`, `status`) VALUES
(57, 'kavya', 'For Medical treatment', 'kavya@gmail.com', 'kavya123', '9088763442', '', '2022-04-12', '2022-04-14', 'Active'),
(59, 'navya', 'For appointment', 'navya@gmail.com', 'navya123', '9874561230', '', '2021-04-11', '2021-04-13', 'Active');

-- --------------------------------------------------------

--
-- Table structure for table `hosteller`
--

CREATE TABLE IF NOT EXISTS `hosteller` (
  `hostellerid` int(10) NOT NULL AUTO_INCREMENT,
  `hostellertype` varchar(15) NOT NULL COMMENT 'Student, Employee, Others',
  `name` varchar(50) NOT NULL,
  `emailid` varchar(50) NOT NULL,
  `password` varchar(100) NOT NULL,
  `dob` date NOT NULL,
  `father_name` varchar(50) NOT NULL,
  `mother_name` varchar(50) NOT NULL,
  `address` text NOT NULL,
  `contact_no` varchar(15) NOT NULL,
  `status` varchar(10) NOT NULL,
  PRIMARY KEY (`hostellerid`)
) ENGINE=InnoDB  DEFAULT CHARSET=latin1 AUTO_INCREMENT=3286 ;

--
-- Dumping data for table `hosteller`
--

INSERT INTO `hosteller` (`hostellerid`, `hostellertype`, `name`, `emailid`, `password`, `dob`, `father_name`, `mother_name`, `address`, `contact_no`, `status`) VALUES
(3246, 'student', 'sugama', 'smhegde416@gmail.com', 'q1w2e3r4/', '1999-02-12', 'suresh', 'soukya', 'karwar', '93456789', 'Active'),
(3251, 'Student', 'anvitha', 'anvitha@gmail.com', 'anvitha', '1998-03-31', 'ram', 'soukya', 'Bangalore', '9875632562', 'Active'),
(3255, 'Student', 'Sunitha', 'sunitha@gmail.com', 'sunitha', '1990-04-06', 'raman', 'radha', 'Bangalore', '7834213454', 'Active'),
(3256, 'Student', 'akshatha', 'akshatha@gmail.com', 'akshatha', '1990-09-12', 'subramanya', 'sushma', 'Ballari', '9535185266', 'Active'),
(3260, 'Student', 'diya', 'diya@gmail.com', 'diya123', '2000-05-04', 'dinesh', 'divya', 'kerala', '8976549872', 'Active'),
(3263, 'Student', 'divya', 'divya@gmail.com', 'divya123', '2000-05-04', 'ganesh', 'leela', 'Bangalore', '9986478324', 'Active'),
(3264, 'Student', 'Manvitha', 'manvitha@gmail.com', 'q1w2e3r4', '1986-05-04', 'Manju', 'Arati', '3rd floor,\r\nCity light', '9874536210', 'Active'),
(3265, 'student', 'Preetha', 'preetha@gmail.com', 'q1w2e3r4', '1999-05-04', 'Amin', 'Shama', '5th cross,\r\nJalahalli\r\n', '7894561230', 'Active'),
(3266, 'student', 'Jaysheela', 'jaysheela@gmail.com', 'q1w2e3r4', '1889-05-04', 'Ratan', 'Misrina', 'iCity, BLR road', '7894561231', 'Active'),
(3268, 'Student', 'appu', 'appu@gmail.com', 'appu@gmail.com', '2004-09-09', 'hgg', 'hhh', 'hhhh', '7888809876', 'Active'),
(3269, 'Student', 'wafa', 'wafa@gmail.com', 'appu@gmail.com', '2000-09-08', 'hh', 'hhh', 'jjj', '7888809876', 'Active'),
(3281, 'Student', 'ammu', 'ammu@gmail.com', 'ammu1234', '2002-12-31', 'ammu', 'amma', 'malpe', '8865326544', 'Active'),
(3282, 'Student', 'ais', 'ais@gmail.com', 'ais12345', '2002-12-31', 'affuvan', 'amma', 'malpe', '9880326781', 'Active'),
(3283, 'Student', 'mahi', 'mahi@gmail.com', 'mahi1234', '2002-12-30', 'mahindra', 'manitha', 'manipal', '7888809876', 'Active'),
(3284, 'Student', 'disha', 'disha@gmail.com', 'disha123', '2002-12-30', 'appa', 'amma', 'kapu', '8147990196', 'Active'),
(3285, 'Student', 'nisha', 'nisha@gmail.com', 'nisha123', '2002-12-30', 'appa', 'amma', 'kundapura', '9880326781', 'Active');

-- --------------------------------------------------------

--
-- Table structure for table `leave_application`
--

CREATE TABLE IF NOT EXISTS `leave_application` (
  `leave_application_id` bigint(20) NOT NULL AUTO_INCREMENT,
  `hostellerid` bigint(20) NOT NULL,
  `application_dt` date NOT NULL,
  `from_dt` date NOT NULL,
  `to_dt` date NOT NULL,
  `leave_reason` text NOT NULL,
  `person_visiting` text NOT NULL,
  `guardian` text NOT NULL,
  `warden_remark` text NOT NULL,
  `cheif_warden_remark` text NOT NULL,
  `leave_status` varchar(25) NOT NULL,
  PRIMARY KEY (`leave_application_id`)
) ENGINE=InnoDB  DEFAULT CHARSET=utf8mb4 AUTO_INCREMENT=4 ;

--
-- Dumping data for table `leave_application`
--

INSERT INTO `leave_application` (`leave_application_id`, `hostellerid`, `application_dt`, `from_dt`, `to_dt`, `leave_reason`, `person_visiting`, `guardian`, `warden_remark`, `cheif_warden_remark`, `leave_status`) VALUES
(1, 3265, '2021-04-08', '2021-04-14', '2021-04-23', 'This is new application', 'raj', 'kiran', '', '', 'Pending'),
(2, 3266, '2021-04-10', '2021-04-10', '2021-04-11', 'For Sisters marriage', 'Dad comes to pick', 'Rajendra', 'This is test record', 'This is remark records', 'Approved');

-- --------------------------------------------------------

--
-- Table structure for table `mess_bill`
--

CREATE TABLE IF NOT EXISTS `mess_bill` (
  `mess_bill_id` int(10) NOT NULL AUTO_INCREMENT,
  `admission_id` int(10) NOT NULL,
  `charge_type` varchar(20) NOT NULL COMMENT 'Monthly mess bill , Penalty 25 per day, Milk Charge',
  `date` date NOT NULL,
  `mess_bill` double(10,2) NOT NULL,
  `note` text NOT NULL,
  `status` varchar(10) NOT NULL,
  PRIMARY KEY (`mess_bill_id`)
) ENGINE=InnoDB  DEFAULT CHARSET=latin1 AUTO_INCREMENT=1501 ;

--
-- Dumping data for table `mess_bill`
--

INSERT INTO `mess_bill` (`mess_bill_id`, `admission_id`, `charge_type`, `date`, `mess_bill`, `note`, `status`) VALUES
(1, 0, 'Room rent', '2022-05-01', 1000.00, '', 'Charges'),
(2, 0, 'Mess Bill', '2022-05-01', 2000.00, '', 'Charges'),
(3, 0, 'Water Electricity', '2022-05-01', 3000.00, '', 'Charges'),
(4, 0, 'Maintenance', '2022-05-01', 4000.00, '', 'Charges'),
(5, 0, 'Total Charges', '2022-05-01', 10000.00, '', 'Charges'),
(6, 122419, 'Room Rent', '2022-05-01', 1000.00, 'Bills for May', 'Active'),
(7, 122419, 'Mess Bill', '2022-05-01', 2000.00, 'Bills for May', 'Active'),
(8, 122419, 'Water Electricity', '2022-05-01', 3000.00, 'Bills for May', 'Active'),
(9, 122419, 'Maintenance', '2022-05-01', 4000.00, 'Bills for May', 'Active'),
(10, 122419, 'Total Charges', '2022-05-01', 10000.00, 'Bills for May', 'Active'),
(11, 122383, 'Penalty', '0000-00-00', 478775.00, '', 'Active'),
(12, 122384, 'Penalty', '0000-00-00', 478775.00, '', 'Active'),
(13, 122385, 'Penalty', '0000-00-00', 478775.00, '', 'Active'),
(14, 122386, 'Penalty', '0000-00-00', 478775.00, '', 'Active'),
(15, 122387, 'Penalty', '0000-00-00', 478775.00, '', 'Active'),
(16, 122388, 'Penalty', '0000-00-00', 478775.00, '', 'Active'),
(17, 122389, 'Penalty', '0000-00-00', 478775.00, '', 'Active'),
(18, 122390, 'Penalty', '0000-00-00', 478775.00, '', 'Active'),
(19, 122391, 'Penalty', '0000-00-00', 478775.00, '', 'Active'),
(20, 122394, 'Penalty', '0000-00-00', 478775.00, '', 'Active'),
(21, 122398, 'Penalty', '0000-00-00', 478775.00, '', 'Active'),
(22, 122405, 'Penalty', '0000-00-00', 478775.00, '', 'Active'),
(23, 122406, 'Penalty', '0000-00-00', 478775.00, '', 'Active'),
(24, 122407, 'Penalty', '0000-00-00', 478775.00, '', 'Active'),
(25, 122408, 'Penalty', '0000-00-00', 478775.00, '', 'Active'),
(26, 122410, 'Penalty', '0000-00-00', 478775.00, '', 'Active'),
(27, 122411, 'Penalty', '0000-00-00', 478775.00, '', 'Active'),
(28, 122412, 'Penalty', '0000-00-00', 478775.00, '', 'Active'),
(29, 122413, 'Penalty', '0000-00-00', 478775.00, '', 'Active'),
(30, 122414, 'Penalty', '0000-00-00', 478775.00, '', 'Active'),
(31, 122415, 'Penalty', '0000-00-00', 478775.00, '', 'Active'),
(32, 122416, 'Penalty', '0000-00-00', 478775.00, '', 'Active'),
(33, 122417, 'Penalty', '0000-00-00', 478775.00, '', 'Active'),
(34, 122418, 'Penalty', '0000-00-00', 478775.00, '', 'Active'),
(35, 122419, 'Penalty', '0000-00-00', 478775.00, '', 'Active'),
(61, 0, 'Room rent', '2022-06-01', 2000.00, '', 'Charges'),
(62, 0, 'Mess Bill', '2022-06-01', 600.00, '', 'Charges'),
(63, 0, 'Water Electricity', '2022-06-01', 600.00, '', 'Charges'),
(64, 0, 'Maintenance', '2022-06-01', 200.00, '', 'Charges'),
(65, 0, 'Total Charges', '2022-06-01', 3400.00, '', 'Charges'),
(66, 122419, 'Room Rent', '2022-06-01', 2000.00, 'messbill', 'Active'),
(67, 122419, 'Mess Bill', '2022-06-01', 360.00, 'messbill', 'Active'),
(68, 122419, 'Water Electricity', '2022-06-01', 600.00, 'messbill', 'Active'),
(69, 122419, 'Maintenance', '2022-06-01', 200.00, 'messbill', 'Active'),
(70, 122419, 'Total Charges', '2022-06-01', 3160.00, 'messbill', 'Active'),
(71, 122421, 'Room Rent', '2022-06-01', 2000.00, 'messbill', 'Active'),
(72, 122421, 'Mess Bill', '2022-06-01', 120.00, 'messbill', 'Active'),
(73, 122421, 'Water Electricity', '2022-06-01', 600.00, 'messbill', 'Active'),
(74, 122421, 'Maintenance', '2022-06-01', 200.00, 'messbill', 'Active'),
(75, 122421, 'Total Charges', '2022-06-01', 2920.00, 'messbill', 'Active'),
(76, 122383, 'Penalty', '0000-00-00', 478775.00, '', 'Active'),
(77, 122384, 'Penalty', '0000-00-00', 478775.00, '', 'Active'),
(78, 122385, 'Penalty', '0000-00-00', 478775.00, '', 'Active'),
(79, 122386, 'Penalty', '0000-00-00', 478775.00, '', 'Active'),
(80, 122387, 'Penalty', '0000-00-00', 478775.00, '', 'Active'),
(81, 122388, 'Penalty', '0000-00-00', 478775.00, '', 'Active'),
(82, 122389, 'Penalty', '0000-00-00', 478775.00, '', 'Active'),
(83, 122390, 'Penalty', '0000-00-00', 478775.00, '', 'Active'),
(84, 122391, 'Penalty', '0000-00-00', 478775.00, '', 'Active'),
(85, 122394, 'Penalty', '0000-00-00', 478775.00, '', 'Active'),
(86, 122398, 'Penalty', '0000-00-00', 478775.00, '', 'Active'),
(87, 122405, 'Penalty', '0000-00-00', 478775.00, '', 'Active'),
(88, 122406, 'Penalty', '0000-00-00', 478775.00, '', 'Active'),
(89, 122407, 'Penalty', '0000-00-00', 478775.00, '', 'Active'),
(90, 122408, 'Penalty', '0000-00-00', 478775.00, '', 'Active'),
(91, 122410, 'Penalty', '0000-00-00', 478775.00, '', 'Active'),
(92, 122411, 'Penalty', '0000-00-00', 478775.00, '', 'Active'),
(93, 122412, 'Penalty', '0000-00-00', 478775.00, '', 'Active'),
(94, 122413, 'Penalty', '0000-00-00', 478775.00, '', 'Active'),
(95, 122414, 'Penalty', '0000-00-00', 478775.00, '', 'Active'),
(96, 122415, 'Penalty', '0000-00-00', 478775.00, '', 'Active'),
(97, 122416, 'Penalty', '0000-00-00', 478775.00, '', 'Active'),
(98, 122417, 'Penalty', '0000-00-00', 478775.00, '', 'Active'),
(99, 122418, 'Penalty', '0000-00-00', 478775.00, '', 'Active'),
(100, 122419, 'Penalty', '0000-00-00', 478775.00, '', 'Active'),
(101, 122421, 'Penalty', '0000-00-00', 478775.00, '', 'Active'),
(102, 122383, 'Penalty', '2022-06-01', 200.00, '', 'Active'),
(103, 122384, 'Penalty', '2022-06-01', 200.00, '', 'Active'),
(104, 122385, 'Penalty', '2022-06-01', 200.00, '', 'Active'),
(105, 122386, 'Penalty', '2022-06-01', 200.00, '', 'Active'),
(106, 122387, 'Penalty', '2022-06-01', 200.00, '', 'Active'),
(107, 122388, 'Penalty', '2022-06-01', 200.00, '', 'Active'),
(108, 122389, 'Penalty', '2022-06-01', 200.00, '', 'Active'),
(109, 122390, 'Penalty', '2022-06-01', 200.00, '', 'Active'),
(110, 122391, 'Penalty', '2022-06-01', 200.00, '', 'Active'),
(111, 122394, 'Penalty', '2022-06-01', 200.00, '', 'Active'),
(112, 122398, 'Penalty', '2022-06-01', 200.00, '', 'Active'),
(113, 122405, 'Penalty', '2022-06-01', 200.00, '', 'Active'),
(114, 122406, 'Penalty', '2022-06-01', 200.00, '', 'Active'),
(115, 122407, 'Penalty', '2022-06-01', 200.00, '', 'Active'),
(116, 122408, 'Penalty', '2022-06-01', 200.00, '', 'Active'),
(117, 122410, 'Penalty', '2022-06-01', 200.00, '', 'Active'),
(118, 122411, 'Penalty', '2022-06-01', 200.00, '', 'Active'),
(119, 122412, 'Penalty', '2022-06-01', 200.00, '', 'Active'),
(120, 122413, 'Penalty', '2022-06-01', 200.00, '', 'Active'),
(121, 122414, 'Penalty', '2022-06-01', 200.00, '', 'Active'),
(122, 122415, 'Penalty', '2022-06-01', 200.00, '', 'Active'),
(123, 122416, 'Penalty', '2022-06-01', 200.00, '', 'Active'),
(124, 122417, 'Penalty', '2022-06-01', 200.00, '', 'Active'),
(125, 122418, 'Penalty', '2022-06-01', 200.00, '', 'Active'),
(126, 122421, 'Penalty', '2022-06-01', 200.00, '', 'Active'),
(127, 0, 'Room rent', '2022-04-01', 700.00, '', 'Charges'),
(128, 0, 'Mess Bill', '2022-04-01', 500.00, '', 'Charges'),
(129, 0, 'Water Electricity', '2022-04-01', 1000.00, '', 'Charges'),
(130, 0, 'Maintenance', '2022-04-01', 200.00, '', 'Charges'),
(131, 0, 'Total Charges', '2022-04-01', 2400.00, '', 'Charges'),
(132, 122419, 'Room Rent', '2022-04-01', 700.00, 'gggg', 'Active'),
(133, 122419, 'Mess Bill', '2022-04-01', 16.00, 'gggg', 'Active'),
(134, 122419, 'Water Electricity', '2022-04-01', 1000.00, 'gggg', 'Active'),
(135, 122419, 'Maintenance', '2022-04-01', 200.00, 'gggg', 'Active'),
(136, 122419, 'Total Charges', '2022-04-01', 1916.00, 'gggg', 'Active'),
(137, 122421, 'Room Rent', '2022-04-01', 700.00, 'gggg', 'Active'),
(138, 122421, 'Mess Bill', '2022-04-01', 16.00, 'gggg', 'Active'),
(139, 122421, 'Water Electricity', '2022-04-01', 1000.00, 'gggg', 'Active'),
(140, 122421, 'Maintenance', '2022-04-01', 200.00, 'gggg', 'Active'),
(141, 122421, 'Total Charges', '2022-04-01', 1916.00, 'gggg', 'Active'),
(142, 0, 'Room rent', '2022-04-01', 700.00, '', 'Charges'),
(143, 0, 'Mess Bill', '2022-04-01', 500.00, '', 'Charges'),
(144, 0, 'Water Electricity', '2022-04-01', 1000.00, '', 'Charges'),
(145, 0, 'Maintenance', '2022-04-01', 200.00, '', 'Charges'),
(146, 0, 'Total Charges', '2022-04-01', 2400.00, '', 'Charges'),
(147, 122419, 'Room Rent', '2022-04-01', 700.00, 'gggg', 'Active'),
(148, 122419, 'Mess Bill', '2022-04-01', 16.00, 'gggg', 'Active'),
(149, 122419, 'Water Electricity', '2022-04-01', 1000.00, 'gggg', 'Active'),
(150, 122419, 'Maintenance', '2022-04-01', 200.00, 'gggg', 'Active'),
(151, 122419, 'Total Charges', '2022-04-01', 1916.00, 'gggg', 'Active'),
(152, 122421, 'Room Rent', '2022-04-01', 700.00, 'gggg', 'Active'),
(153, 122421, 'Mess Bill', '2022-04-01', 16.00, 'gggg', 'Active'),
(154, 122421, 'Water Electricity', '2022-04-01', 1000.00, 'gggg', 'Active'),
(155, 122421, 'Maintenance', '2022-04-01', 200.00, 'gggg', 'Active'),
(156, 122421, 'Total Charges', '2022-04-01', 1916.00, 'gggg', 'Active'),
(157, 122383, 'Penalty', '0000-00-00', 478875.00, '', 'Active'),
(158, 122384, 'Penalty', '0000-00-00', 478875.00, '', 'Active'),
(159, 122385, 'Penalty', '0000-00-00', 478875.00, '', 'Active'),
(160, 122386, 'Penalty', '0000-00-00', 478875.00, '', 'Active'),
(161, 122387, 'Penalty', '0000-00-00', 478875.00, '', 'Active'),
(162, 122388, 'Penalty', '0000-00-00', 478875.00, '', 'Active'),
(163, 122389, 'Penalty', '0000-00-00', 478875.00, '', 'Active'),
(164, 122390, 'Penalty', '0000-00-00', 478875.00, '', 'Active'),
(165, 122391, 'Penalty', '0000-00-00', 478875.00, '', 'Active'),
(166, 122394, 'Penalty', '0000-00-00', 478875.00, '', 'Active'),
(167, 122398, 'Penalty', '0000-00-00', 478875.00, '', 'Active'),
(168, 122405, 'Penalty', '0000-00-00', 478875.00, '', 'Active'),
(169, 122406, 'Penalty', '0000-00-00', 478875.00, '', 'Active'),
(170, 122407, 'Penalty', '0000-00-00', 478875.00, '', 'Active'),
(171, 122408, 'Penalty', '0000-00-00', 478875.00, '', 'Active'),
(172, 122410, 'Penalty', '0000-00-00', 478875.00, '', 'Active'),
(173, 122411, 'Penalty', '0000-00-00', 478875.00, '', 'Active'),
(174, 122412, 'Penalty', '0000-00-00', 478875.00, '', 'Active'),
(175, 122413, 'Penalty', '0000-00-00', 478875.00, '', 'Active'),
(176, 122414, 'Penalty', '0000-00-00', 478875.00, '', 'Active'),
(177, 122415, 'Penalty', '0000-00-00', 478875.00, '', 'Active'),
(178, 122416, 'Penalty', '0000-00-00', 478875.00, '', 'Active'),
(179, 122417, 'Penalty', '0000-00-00', 478875.00, '', 'Active'),
(180, 122418, 'Penalty', '0000-00-00', 478875.00, '', 'Active'),
(181, 122419, 'Penalty', '0000-00-00', 478875.00, '', 'Active'),
(182, 122421, 'Penalty', '0000-00-00', 478875.00, '', 'Active'),
(183, 122422, 'Penalty', '0000-00-00', 478875.00, '', 'Active'),
(265, 122383, 'Penalty', '0000-00-00', 478875.00, '', 'Active'),
(266, 122384, 'Penalty', '0000-00-00', 478875.00, '', 'Active'),
(267, 122385, 'Penalty', '0000-00-00', 478875.00, '', 'Active'),
(268, 122386, 'Penalty', '0000-00-00', 478875.00, '', 'Active'),
(269, 122387, 'Penalty', '0000-00-00', 478875.00, '', 'Active'),
(270, 122388, 'Penalty', '0000-00-00', 478875.00, '', 'Active'),
(271, 122389, 'Penalty', '0000-00-00', 478875.00, '', 'Active'),
(272, 122390, 'Penalty', '0000-00-00', 478875.00, '', 'Active'),
(273, 122391, 'Penalty', '0000-00-00', 478875.00, '', 'Active'),
(274, 122394, 'Penalty', '0000-00-00', 478875.00, '', 'Active'),
(275, 122398, 'Penalty', '0000-00-00', 478875.00, '', 'Active'),
(276, 122405, 'Penalty', '0000-00-00', 478875.00, '', 'Active'),
(277, 122406, 'Penalty', '0000-00-00', 478875.00, '', 'Active'),
(278, 122407, 'Penalty', '0000-00-00', 478875.00, '', 'Active'),
(279, 122408, 'Penalty', '0000-00-00', 478875.00, '', 'Active'),
(280, 122410, 'Penalty', '0000-00-00', 478875.00, '', 'Active'),
(281, 122411, 'Penalty', '0000-00-00', 478875.00, '', 'Active'),
(282, 122412, 'Penalty', '0000-00-00', 478875.00, '', 'Active'),
(283, 122413, 'Penalty', '0000-00-00', 478875.00, '', 'Active'),
(284, 122414, 'Penalty', '0000-00-00', 478875.00, '', 'Active'),
(285, 122415, 'Penalty', '0000-00-00', 478875.00, '', 'Active'),
(286, 122416, 'Penalty', '0000-00-00', 478875.00, '', 'Active'),
(287, 122417, 'Penalty', '0000-00-00', 478875.00, '', 'Active'),
(288, 122418, 'Penalty', '0000-00-00', 478875.00, '', 'Active'),
(289, 122419, 'Penalty', '0000-00-00', 478875.00, '', 'Active'),
(290, 122421, 'Penalty', '0000-00-00', 478875.00, '', 'Active'),
(291, 122422, 'Penalty', '0000-00-00', 478875.00, '', 'Active'),
(292, 122383, 'Penalty', '2022-04-01', 1825.00, '', 'Active'),
(293, 122384, 'Penalty', '2022-04-01', 1825.00, '', 'Active'),
(294, 122385, 'Penalty', '2022-04-01', 1825.00, '', 'Active'),
(295, 122386, 'Penalty', '2022-04-01', 1825.00, '', 'Active'),
(296, 122387, 'Penalty', '2022-04-01', 1825.00, '', 'Active'),
(297, 122388, 'Penalty', '2022-04-01', 1825.00, '', 'Active'),
(298, 122389, 'Penalty', '2022-04-01', 1825.00, '', 'Active'),
(299, 122390, 'Penalty', '2022-04-01', 1825.00, '', 'Active'),
(300, 122391, 'Penalty', '2022-04-01', 1825.00, '', 'Active'),
(301, 122394, 'Penalty', '2022-04-01', 1825.00, '', 'Active'),
(302, 122398, 'Penalty', '2022-04-01', 1825.00, '', 'Active'),
(303, 122405, 'Penalty', '2022-04-01', 1825.00, '', 'Active'),
(304, 122406, 'Penalty', '2022-04-01', 1825.00, '', 'Active'),
(305, 122407, 'Penalty', '2022-04-01', 1825.00, '', 'Active'),
(306, 122408, 'Penalty', '2022-04-01', 1825.00, '', 'Active'),
(307, 122410, 'Penalty', '2022-04-01', 1825.00, '', 'Active'),
(308, 122411, 'Penalty', '2022-04-01', 1825.00, '', 'Active'),
(309, 122412, 'Penalty', '2022-04-01', 1825.00, '', 'Active'),
(310, 122413, 'Penalty', '2022-04-01', 1825.00, '', 'Active'),
(311, 122414, 'Penalty', '2022-04-01', 1825.00, '', 'Active'),
(312, 122415, 'Penalty', '2022-04-01', 1825.00, '', 'Active'),
(313, 122416, 'Penalty', '2022-04-01', 1825.00, '', 'Active'),
(314, 122417, 'Penalty', '2022-04-01', 1825.00, '', 'Active'),
(315, 122418, 'Penalty', '2022-04-01', 1825.00, '', 'Active'),
(316, 122419, 'Penalty', '2022-04-01', 1825.00, '', 'Active'),
(317, 122421, 'Penalty', '2022-04-01', 1825.00, '', 'Active'),
(318, 122422, 'Penalty', '2022-04-01', 1825.00, '', 'Active'),
(319, 122383, 'Penalty', '0000-00-00', 478875.00, '', 'Active'),
(320, 122384, 'Penalty', '0000-00-00', 478875.00, '', 'Active'),
(321, 122385, 'Penalty', '0000-00-00', 478875.00, '', 'Active'),
(322, 122386, 'Penalty', '0000-00-00', 478875.00, '', 'Active'),
(323, 122387, 'Penalty', '0000-00-00', 478875.00, '', 'Active'),
(324, 122388, 'Penalty', '0000-00-00', 478875.00, '', 'Active'),
(325, 122389, 'Penalty', '0000-00-00', 478875.00, '', 'Active'),
(326, 122390, 'Penalty', '0000-00-00', 478875.00, '', 'Active'),
(327, 122391, 'Penalty', '0000-00-00', 478875.00, '', 'Active'),
(328, 122394, 'Penalty', '0000-00-00', 478875.00, '', 'Active'),
(329, 122398, 'Penalty', '0000-00-00', 478875.00, '', 'Active'),
(330, 122405, 'Penalty', '0000-00-00', 478875.00, '', 'Active'),
(331, 122406, 'Penalty', '0000-00-00', 478875.00, '', 'Active'),
(332, 122407, 'Penalty', '0000-00-00', 478875.00, '', 'Active'),
(333, 122408, 'Penalty', '0000-00-00', 478875.00, '', 'Active'),
(334, 122410, 'Penalty', '0000-00-00', 478875.00, '', 'Active'),
(335, 122411, 'Penalty', '0000-00-00', 478875.00, '', 'Active'),
(336, 122412, 'Penalty', '0000-00-00', 478875.00, '', 'Active'),
(337, 122413, 'Penalty', '0000-00-00', 478875.00, '', 'Active'),
(338, 122414, 'Penalty', '0000-00-00', 478875.00, '', 'Active'),
(339, 122415, 'Penalty', '0000-00-00', 478875.00, '', 'Active'),
(340, 122416, 'Penalty', '0000-00-00', 478875.00, '', 'Active'),
(341, 122417, 'Penalty', '0000-00-00', 478875.00, '', 'Active'),
(342, 122418, 'Penalty', '0000-00-00', 478875.00, '', 'Active'),
(343, 122419, 'Penalty', '0000-00-00', 478875.00, '', 'Active'),
(344, 122421, 'Penalty', '0000-00-00', 478875.00, '', 'Active'),
(345, 122422, 'Penalty', '0000-00-00', 478875.00, '', 'Active'),
(346, 122423, 'Penalty', '0000-00-00', 478875.00, '', 'Active'),
(347, 122424, 'Penalty', '0000-00-00', 478875.00, '', 'Active'),
(406, 122383, 'Penalty', '2022-05-01', 1050.00, '', 'Active'),
(407, 122384, 'Penalty', '2022-05-01', 1050.00, '', 'Active'),
(408, 122385, 'Penalty', '2022-05-01', 1050.00, '', 'Active'),
(409, 122386, 'Penalty', '2022-05-01', 1050.00, '', 'Active'),
(410, 122387, 'Penalty', '2022-05-01', 1050.00, '', 'Active'),
(411, 122388, 'Penalty', '2022-05-01', 1050.00, '', 'Active'),
(412, 122389, 'Penalty', '2022-05-01', 1050.00, '', 'Active'),
(413, 122390, 'Penalty', '2022-05-01', 1050.00, '', 'Active'),
(414, 122391, 'Penalty', '2022-05-01', 1050.00, '', 'Active'),
(415, 122394, 'Penalty', '2022-05-01', 1050.00, '', 'Active'),
(416, 122398, 'Penalty', '2022-05-01', 1050.00, '', 'Active'),
(417, 122405, 'Penalty', '2022-05-01', 1050.00, '', 'Active'),
(418, 122406, 'Penalty', '2022-05-01', 1050.00, '', 'Active'),
(419, 122407, 'Penalty', '2022-05-01', 1050.00, '', 'Active'),
(420, 122408, 'Penalty', '2022-05-01', 1050.00, '', 'Active'),
(421, 122410, 'Penalty', '2022-05-01', 1050.00, '', 'Active'),
(422, 122411, 'Penalty', '2022-05-01', 1050.00, '', 'Active'),
(423, 122412, 'Penalty', '2022-05-01', 1050.00, '', 'Active'),
(424, 122413, 'Penalty', '2022-05-01', 1050.00, '', 'Active'),
(425, 122414, 'Penalty', '2022-05-01', 1050.00, '', 'Active'),
(426, 122415, 'Penalty', '2022-05-01', 1050.00, '', 'Active'),
(427, 122416, 'Penalty', '2022-05-01', 1050.00, '', 'Active'),
(428, 122417, 'Penalty', '2022-05-01', 1050.00, '', 'Active'),
(429, 122418, 'Penalty', '2022-05-01', 1050.00, '', 'Active'),
(430, 122419, 'Penalty', '2022-05-01', 1050.00, '', 'Active'),
(431, 122421, 'Penalty', '2022-05-01', 1050.00, '', 'Active'),
(432, 122422, 'Penalty', '2022-05-01', 1050.00, '', 'Active'),
(433, 122423, 'Penalty', '2022-05-01', 1050.00, '', 'Active'),
(434, 122424, 'Penalty', '2022-05-01', 1050.00, '', 'Active'),
(464, 122383, 'Penalty', '2022-02-01', 3350.00, '', 'Active'),
(465, 122384, 'Penalty', '2022-02-01', 3350.00, '', 'Active'),
(466, 122385, 'Penalty', '2022-02-01', 3350.00, '', 'Active'),
(467, 122386, 'Penalty', '2022-02-01', 3350.00, '', 'Active'),
(468, 122387, 'Penalty', '2022-02-01', 3350.00, '', 'Active'),
(469, 122388, 'Penalty', '2022-02-01', 3350.00, '', 'Active'),
(470, 122389, 'Penalty', '2022-02-01', 3350.00, '', 'Active'),
(471, 122390, 'Penalty', '2022-02-01', 3350.00, '', 'Active'),
(472, 122391, 'Penalty', '2022-02-01', 3350.00, '', 'Active'),
(473, 122394, 'Penalty', '2022-02-01', 3350.00, '', 'Active'),
(474, 122398, 'Penalty', '2022-02-01', 3350.00, '', 'Active'),
(475, 122405, 'Penalty', '2022-02-01', 3350.00, '', 'Active'),
(476, 122406, 'Penalty', '2022-02-01', 3350.00, '', 'Active'),
(477, 122407, 'Penalty', '2022-02-01', 3350.00, '', 'Active'),
(478, 122408, 'Penalty', '2022-02-01', 3350.00, '', 'Active'),
(479, 122410, 'Penalty', '2022-02-01', 3350.00, '', 'Active'),
(480, 122411, 'Penalty', '2022-02-01', 3350.00, '', 'Active'),
(481, 122412, 'Penalty', '2022-02-01', 3350.00, '', 'Active'),
(482, 122413, 'Penalty', '2022-02-01', 3350.00, '', 'Active'),
(483, 122414, 'Penalty', '2022-02-01', 3350.00, '', 'Active'),
(484, 122415, 'Penalty', '2022-02-01', 3350.00, '', 'Active'),
(485, 122416, 'Penalty', '2022-02-01', 3350.00, '', 'Active'),
(486, 122417, 'Penalty', '2022-02-01', 3350.00, '', 'Active'),
(487, 122418, 'Penalty', '2022-02-01', 3350.00, '', 'Active'),
(488, 122419, 'Penalty', '2022-02-01', 3350.00, '', 'Active'),
(489, 122421, 'Penalty', '2022-02-01', 3350.00, '', 'Active'),
(490, 122422, 'Penalty', '2022-02-01', 3350.00, '', 'Active'),
(491, 122423, 'Penalty', '2022-02-01', 3350.00, '', 'Active'),
(492, 122424, 'Penalty', '2022-02-01', 3350.00, '', 'Active'),
(493, 0, 'Room rent', '2022-08-01', 500.00, '', 'Charges'),
(494, 0, 'Mess Bill', '2022-08-01', 7000.00, '', 'Charges'),
(495, 0, 'Water Electricity', '2022-08-01', 899.00, '', 'Charges'),
(496, 0, 'Maintenance', '2022-08-01', 90.00, '', 'Charges'),
(497, 0, 'Total Charges', '2022-08-01', 8489.00, '', 'Charges'),
(498, 122415, 'Room Rent', '2022-08-01', 500.00, 'kkk', 'Active'),
(499, 122415, 'Mess Bill', '2022-08-01', 0.00, 'kkk', 'Active'),
(500, 122415, 'Water Electricity', '2022-08-01', 899.00, 'kkk', 'Active'),
(501, 122415, 'Maintenance', '2022-08-01', 90.00, 'kkk', 'Active'),
(502, 122415, 'Total Charges', '2022-08-01', 1489.00, 'kkk', 'Active'),
(503, 122419, 'Room Rent', '2022-08-01', 500.00, 'kkk', 'Active'),
(504, 122419, 'Mess Bill', '2022-08-01', 0.00, 'kkk', 'Active'),
(505, 122419, 'Water Electricity', '2022-08-01', 899.00, 'kkk', 'Active'),
(506, 122419, 'Maintenance', '2022-08-01', 90.00, 'kkk', 'Active'),
(507, 122419, 'Total Charges', '2022-08-01', 1489.00, 'kkk', 'Active'),
(508, 122421, 'Room Rent', '2022-08-01', 500.00, 'kkk', 'Active'),
(509, 122421, 'Mess Bill', '2022-08-01', 0.00, 'kkk', 'Active'),
(510, 122421, 'Water Electricity', '2022-08-01', 899.00, 'kkk', 'Active'),
(511, 122421, 'Maintenance', '2022-08-01', 90.00, 'kkk', 'Active'),
(512, 122421, 'Total Charges', '2022-08-01', 1489.00, 'kkk', 'Active'),
(513, 122422, 'Room Rent', '2022-08-01', 500.00, 'kkk', 'Active'),
(514, 122422, 'Mess Bill', '2022-08-01', 0.00, 'kkk', 'Active'),
(515, 122422, 'Water Electricity', '2022-08-01', 899.00, 'kkk', 'Active'),
(516, 122422, 'Maintenance', '2022-08-01', 90.00, 'kkk', 'Active'),
(517, 122422, 'Total Charges', '2022-08-01', 1489.00, 'kkk', 'Active'),
(518, 122426, 'Room Rent', '2022-08-01', 500.00, 'kkk', 'Active'),
(519, 122426, 'Mess Bill', '2022-08-01', 225.00, 'kkk', 'Active'),
(520, 122426, 'Water Electricity', '2022-08-01', 899.00, 'kkk', 'Active'),
(521, 122426, 'Maintenance', '2022-08-01', 90.00, 'kkk', 'Active'),
(522, 122426, 'Total Charges', '2022-08-01', 1714.00, 'kkk', 'Active'),
(523, 122383, 'Penalty', '0000-00-00', 479650.00, '', 'Active'),
(524, 122384, 'Penalty', '0000-00-00', 479650.00, '', 'Active'),
(525, 122385, 'Penalty', '0000-00-00', 479650.00, '', 'Active'),
(526, 122386, 'Penalty', '0000-00-00', 479650.00, '', 'Active'),
(527, 122387, 'Penalty', '0000-00-00', 479650.00, '', 'Active'),
(528, 122388, 'Penalty', '0000-00-00', 479650.00, '', 'Active'),
(529, 122389, 'Penalty', '0000-00-00', 479650.00, '', 'Active'),
(530, 122390, 'Penalty', '0000-00-00', 479650.00, '', 'Active'),
(531, 122391, 'Penalty', '0000-00-00', 479650.00, '', 'Active'),
(532, 122394, 'Penalty', '0000-00-00', 479650.00, '', 'Active'),
(533, 122398, 'Penalty', '0000-00-00', 479650.00, '', 'Active'),
(534, 122405, 'Penalty', '0000-00-00', 479650.00, '', 'Active'),
(535, 122406, 'Penalty', '0000-00-00', 479650.00, '', 'Active'),
(536, 122407, 'Penalty', '0000-00-00', 479650.00, '', 'Active'),
(537, 122408, 'Penalty', '0000-00-00', 479650.00, '', 'Active'),
(538, 122410, 'Penalty', '0000-00-00', 479650.00, '', 'Active'),
(539, 122411, 'Penalty', '0000-00-00', 479650.00, '', 'Active'),
(540, 122412, 'Penalty', '0000-00-00', 479650.00, '', 'Active'),
(541, 122413, 'Penalty', '0000-00-00', 479650.00, '', 'Active'),
(542, 122414, 'Penalty', '0000-00-00', 479650.00, '', 'Active'),
(543, 122415, 'Penalty', '0000-00-00', 479650.00, '', 'Active'),
(544, 122416, 'Penalty', '0000-00-00', 479650.00, '', 'Active'),
(545, 122417, 'Penalty', '0000-00-00', 479650.00, '', 'Active'),
(546, 122418, 'Penalty', '0000-00-00', 479650.00, '', 'Active'),
(547, 122419, 'Penalty', '0000-00-00', 479650.00, '', 'Active'),
(548, 122421, 'Penalty', '0000-00-00', 479650.00, '', 'Active'),
(549, 122422, 'Penalty', '0000-00-00', 479650.00, '', 'Active'),
(550, 122423, 'Penalty', '0000-00-00', 479650.00, '', 'Active'),
(551, 122424, 'Penalty', '0000-00-00', 479650.00, '', 'Active'),
(552, 122425, 'Penalty', '0000-00-00', 479650.00, '', 'Active'),
(553, 122426, 'Penalty', '0000-00-00', 479650.00, '', 'Active'),
(585, 122383, 'Penalty', '0000-00-00', 479650.00, '', 'Active'),
(586, 122384, 'Penalty', '0000-00-00', 479650.00, '', 'Active'),
(587, 122385, 'Penalty', '0000-00-00', 479650.00, '', 'Active'),
(588, 122386, 'Penalty', '0000-00-00', 479650.00, '', 'Active'),
(589, 122387, 'Penalty', '0000-00-00', 479650.00, '', 'Active'),
(590, 122388, 'Penalty', '0000-00-00', 479650.00, '', 'Active'),
(591, 122389, 'Penalty', '0000-00-00', 479650.00, '', 'Active'),
(592, 122390, 'Penalty', '0000-00-00', 479650.00, '', 'Active'),
(593, 122391, 'Penalty', '0000-00-00', 479650.00, '', 'Active'),
(594, 122394, 'Penalty', '0000-00-00', 479650.00, '', 'Active'),
(595, 122398, 'Penalty', '0000-00-00', 479650.00, '', 'Active'),
(596, 122405, 'Penalty', '0000-00-00', 479650.00, '', 'Active'),
(597, 122406, 'Penalty', '0000-00-00', 479650.00, '', 'Active'),
(598, 122407, 'Penalty', '0000-00-00', 479650.00, '', 'Active'),
(599, 122408, 'Penalty', '0000-00-00', 479650.00, '', 'Active'),
(600, 122410, 'Penalty', '0000-00-00', 479650.00, '', 'Active'),
(601, 122411, 'Penalty', '0000-00-00', 479650.00, '', 'Active'),
(602, 122412, 'Penalty', '0000-00-00', 479650.00, '', 'Active'),
(603, 122413, 'Penalty', '0000-00-00', 479650.00, '', 'Active'),
(604, 122414, 'Penalty', '0000-00-00', 479650.00, '', 'Active'),
(605, 122415, 'Penalty', '0000-00-00', 479650.00, '', 'Active'),
(606, 122416, 'Penalty', '0000-00-00', 479650.00, '', 'Active'),
(607, 122417, 'Penalty', '0000-00-00', 479650.00, '', 'Active'),
(608, 122418, 'Penalty', '0000-00-00', 479650.00, '', 'Active'),
(609, 122419, 'Penalty', '0000-00-00', 479650.00, '', 'Active'),
(610, 122421, 'Penalty', '0000-00-00', 479650.00, '', 'Active'),
(611, 122422, 'Penalty', '0000-00-00', 479650.00, '', 'Active'),
(612, 122423, 'Penalty', '0000-00-00', 479650.00, '', 'Active'),
(613, 122424, 'Penalty', '0000-00-00', 479650.00, '', 'Active'),
(614, 122425, 'Penalty', '0000-00-00', 479650.00, '', 'Active'),
(615, 122426, 'Penalty', '0000-00-00', 479650.00, '', 'Active'),
(646, 122426, 'Penalty', '2022-08-01', 0.00, '', 'Active'),
(647, 122383, 'Penalty', '0000-00-00', 478950.00, '', 'Active'),
(648, 122384, 'Penalty', '0000-00-00', 478950.00, '', 'Active'),
(649, 122385, 'Penalty', '0000-00-00', 478950.00, '', 'Active'),
(650, 122386, 'Penalty', '0000-00-00', 478950.00, '', 'Active'),
(651, 122387, 'Penalty', '0000-00-00', 478950.00, '', 'Active'),
(652, 122388, 'Penalty', '0000-00-00', 478950.00, '', 'Active'),
(653, 122389, 'Penalty', '0000-00-00', 478950.00, '', 'Active'),
(654, 122390, 'Penalty', '0000-00-00', 478950.00, '', 'Active'),
(655, 122391, 'Penalty', '0000-00-00', 478950.00, '', 'Active'),
(656, 122394, 'Penalty', '0000-00-00', 478950.00, '', 'Active'),
(657, 122398, 'Penalty', '0000-00-00', 478950.00, '', 'Active'),
(658, 122405, 'Penalty', '0000-00-00', 478950.00, '', 'Active'),
(659, 122406, 'Penalty', '0000-00-00', 478950.00, '', 'Active'),
(660, 122407, 'Penalty', '0000-00-00', 478950.00, '', 'Active'),
(661, 122408, 'Penalty', '0000-00-00', 478950.00, '', 'Active'),
(662, 122410, 'Penalty', '0000-00-00', 478950.00, '', 'Active'),
(663, 122411, 'Penalty', '0000-00-00', 478950.00, '', 'Active'),
(664, 122412, 'Penalty', '0000-00-00', 478950.00, '', 'Active'),
(665, 122413, 'Penalty', '0000-00-00', 478950.00, '', 'Active'),
(666, 122414, 'Penalty', '0000-00-00', 478950.00, '', 'Active'),
(667, 122415, 'Penalty', '0000-00-00', 478950.00, '', 'Active'),
(668, 122416, 'Penalty', '0000-00-00', 478950.00, '', 'Active'),
(669, 122417, 'Penalty', '0000-00-00', 478950.00, '', 'Active'),
(670, 122418, 'Penalty', '0000-00-00', 478950.00, '', 'Active'),
(671, 122419, 'Penalty', '0000-00-00', 478950.00, '', 'Active'),
(672, 122421, 'Penalty', '0000-00-00', 478950.00, '', 'Active'),
(673, 122422, 'Penalty', '0000-00-00', 478950.00, '', 'Active'),
(674, 122423, 'Penalty', '0000-00-00', 478950.00, '', 'Active'),
(675, 122424, 'Penalty', '0000-00-00', 478950.00, '', 'Active'),
(676, 122425, 'Penalty', '0000-00-00', 478950.00, '', 'Active'),
(677, 122426, 'Penalty', '0000-00-00', 478950.00, '', 'Active'),
(678, 122383, 'Penalty', '0000-00-00', 478950.00, '', 'Active'),
(679, 122384, 'Penalty', '0000-00-00', 478950.00, '', 'Active'),
(680, 122385, 'Penalty', '0000-00-00', 478950.00, '', 'Active'),
(681, 122386, 'Penalty', '0000-00-00', 478950.00, '', 'Active'),
(682, 122387, 'Penalty', '0000-00-00', 478950.00, '', 'Active'),
(683, 122388, 'Penalty', '0000-00-00', 478950.00, '', 'Active'),
(684, 122389, 'Penalty', '0000-00-00', 478950.00, '', 'Active'),
(685, 122390, 'Penalty', '0000-00-00', 478950.00, '', 'Active'),
(686, 122391, 'Penalty', '0000-00-00', 478950.00, '', 'Active'),
(687, 122394, 'Penalty', '0000-00-00', 478950.00, '', 'Active'),
(688, 122398, 'Penalty', '0000-00-00', 478950.00, '', 'Active'),
(689, 122405, 'Penalty', '0000-00-00', 478950.00, '', 'Active'),
(690, 122406, 'Penalty', '0000-00-00', 478950.00, '', 'Active'),
(691, 122407, 'Penalty', '0000-00-00', 478950.00, '', 'Active'),
(692, 122408, 'Penalty', '0000-00-00', 478950.00, '', 'Active'),
(693, 122410, 'Penalty', '0000-00-00', 478950.00, '', 'Active'),
(694, 122411, 'Penalty', '0000-00-00', 478950.00, '', 'Active'),
(695, 122412, 'Penalty', '0000-00-00', 478950.00, '', 'Active'),
(696, 122413, 'Penalty', '0000-00-00', 478950.00, '', 'Active'),
(697, 122414, 'Penalty', '0000-00-00', 478950.00, '', 'Active'),
(698, 122415, 'Penalty', '0000-00-00', 478950.00, '', 'Active'),
(699, 122416, 'Penalty', '0000-00-00', 478950.00, '', 'Active'),
(700, 122417, 'Penalty', '0000-00-00', 478950.00, '', 'Active'),
(701, 122418, 'Penalty', '0000-00-00', 478950.00, '', 'Active'),
(702, 122419, 'Penalty', '0000-00-00', 478950.00, '', 'Active'),
(703, 122421, 'Penalty', '0000-00-00', 478950.00, '', 'Active'),
(704, 122422, 'Penalty', '0000-00-00', 478950.00, '', 'Active'),
(705, 122423, 'Penalty', '0000-00-00', 478950.00, '', 'Active'),
(706, 122424, 'Penalty', '0000-00-00', 478950.00, '', 'Active'),
(707, 122425, 'Penalty', '0000-00-00', 478950.00, '', 'Active'),
(708, 122426, 'Penalty', '0000-00-00', 478950.00, '', 'Active'),
(709, 122383, 'Penalty', '0000-00-00', 479725.00, '', 'Active'),
(710, 122384, 'Penalty', '0000-00-00', 479725.00, '', 'Active'),
(711, 122385, 'Penalty', '0000-00-00', 479725.00, '', 'Active'),
(712, 122386, 'Penalty', '0000-00-00', 479725.00, '', 'Active'),
(713, 122387, 'Penalty', '0000-00-00', 479725.00, '', 'Active'),
(714, 122388, 'Penalty', '0000-00-00', 479725.00, '', 'Active'),
(715, 122389, 'Penalty', '0000-00-00', 479725.00, '', 'Active'),
(716, 122390, 'Penalty', '0000-00-00', 479725.00, '', 'Active'),
(717, 122391, 'Penalty', '0000-00-00', 479725.00, '', 'Active'),
(718, 122394, 'Penalty', '0000-00-00', 479725.00, '', 'Active'),
(719, 122398, 'Penalty', '0000-00-00', 479725.00, '', 'Active'),
(720, 122405, 'Penalty', '0000-00-00', 479725.00, '', 'Active'),
(721, 122406, 'Penalty', '0000-00-00', 479725.00, '', 'Active'),
(722, 122407, 'Penalty', '0000-00-00', 479725.00, '', 'Active'),
(723, 122408, 'Penalty', '0000-00-00', 479725.00, '', 'Active'),
(724, 122410, 'Penalty', '0000-00-00', 479725.00, '', 'Active'),
(725, 122411, 'Penalty', '0000-00-00', 479725.00, '', 'Active'),
(726, 122412, 'Penalty', '0000-00-00', 479725.00, '', 'Active'),
(727, 122413, 'Penalty', '0000-00-00', 479725.00, '', 'Active'),
(728, 122414, 'Penalty', '0000-00-00', 479725.00, '', 'Active'),
(729, 122415, 'Penalty', '0000-00-00', 479725.00, '', 'Active'),
(730, 122416, 'Penalty', '0000-00-00', 479725.00, '', 'Active'),
(731, 122417, 'Penalty', '0000-00-00', 479725.00, '', 'Active'),
(732, 122418, 'Penalty', '0000-00-00', 479725.00, '', 'Active'),
(733, 122419, 'Penalty', '0000-00-00', 479725.00, '', 'Active'),
(734, 122421, 'Penalty', '0000-00-00', 479725.00, '', 'Active'),
(735, 122422, 'Penalty', '0000-00-00', 479725.00, '', 'Active'),
(736, 122423, 'Penalty', '0000-00-00', 479725.00, '', 'Active'),
(737, 122424, 'Penalty', '0000-00-00', 479725.00, '', 'Active'),
(738, 122425, 'Penalty', '0000-00-00', 479725.00, '', 'Active'),
(739, 122426, 'Penalty', '0000-00-00', 479725.00, '', 'Active'),
(771, 122383, 'Penalty', '2022-08-01', 0.00, '', 'Active'),
(772, 122384, 'Penalty', '2022-08-01', 0.00, '', 'Active'),
(773, 122385, 'Penalty', '2022-08-01', 0.00, '', 'Active'),
(774, 122386, 'Penalty', '2022-08-01', 0.00, '', 'Active'),
(775, 122387, 'Penalty', '2022-08-01', 0.00, '', 'Active'),
(776, 122388, 'Penalty', '2022-08-01', 0.00, '', 'Active'),
(777, 122389, 'Penalty', '2022-08-01', 0.00, '', 'Active'),
(778, 122390, 'Penalty', '2022-08-01', 0.00, '', 'Active'),
(779, 122391, 'Penalty', '2022-08-01', 0.00, '', 'Active'),
(780, 122394, 'Penalty', '2022-08-01', 0.00, '', 'Active'),
(781, 122398, 'Penalty', '2022-08-01', 0.00, '', 'Active'),
(782, 122405, 'Penalty', '2022-08-01', 0.00, '', 'Active'),
(783, 122406, 'Penalty', '2022-08-01', 0.00, '', 'Active'),
(784, 122407, 'Penalty', '2022-08-01', 0.00, '', 'Active'),
(785, 122408, 'Penalty', '2022-08-01', 0.00, '', 'Active'),
(786, 122410, 'Penalty', '2022-08-01', 0.00, '', 'Active'),
(787, 122411, 'Penalty', '2022-08-01', 0.00, '', 'Active'),
(788, 122412, 'Penalty', '2022-08-01', 0.00, '', 'Active'),
(789, 122413, 'Penalty', '2022-08-01', 0.00, '', 'Active'),
(790, 122414, 'Penalty', '2022-08-01', 0.00, '', 'Active'),
(791, 122415, 'Penalty', '2022-08-01', 0.00, '', 'Active'),
(792, 122416, 'Penalty', '2022-08-01', 0.00, '', 'Active'),
(793, 122417, 'Penalty', '2022-08-01', 0.00, '', 'Active'),
(794, 122418, 'Penalty', '2022-08-01', 0.00, '', 'Active'),
(795, 122419, 'Penalty', '2022-08-01', 0.00, '', 'Active'),
(796, 122421, 'Penalty', '2022-08-01', 0.00, '', 'Active'),
(797, 122422, 'Penalty', '2022-08-01', 0.00, '', 'Active'),
(798, 122423, 'Penalty', '2022-08-01', 0.00, '', 'Active'),
(799, 122424, 'Penalty', '2022-08-01', 0.00, '', 'Active'),
(800, 122425, 'Penalty', '2022-08-01', 0.00, '', 'Active'),
(801, 122383, 'Penalty', '2022-07-01', 375.00, '', 'Active'),
(802, 122384, 'Penalty', '2022-07-01', 375.00, '', 'Active'),
(803, 122385, 'Penalty', '2022-07-01', 375.00, '', 'Active'),
(804, 122386, 'Penalty', '2022-07-01', 375.00, '', 'Active'),
(805, 122387, 'Penalty', '2022-07-01', 375.00, '', 'Active'),
(806, 122388, 'Penalty', '2022-07-01', 375.00, '', 'Active'),
(807, 122389, 'Penalty', '2022-07-01', 375.00, '', 'Active'),
(808, 122390, 'Penalty', '2022-07-01', 375.00, '', 'Active'),
(809, 122391, 'Penalty', '2022-07-01', 375.00, '', 'Active'),
(810, 122394, 'Penalty', '2022-07-01', 375.00, '', 'Active'),
(811, 122398, 'Penalty', '2022-07-01', 375.00, '', 'Active'),
(812, 122405, 'Penalty', '2022-07-01', 375.00, '', 'Active'),
(813, 122406, 'Penalty', '2022-07-01', 375.00, '', 'Active'),
(814, 122407, 'Penalty', '2022-07-01', 375.00, '', 'Active'),
(815, 122408, 'Penalty', '2022-07-01', 375.00, '', 'Active'),
(816, 122410, 'Penalty', '2022-07-01', 375.00, '', 'Active'),
(817, 122411, 'Penalty', '2022-07-01', 375.00, '', 'Active'),
(821, 122415, 'Penalty', '2022-07-01', 375.00, '', 'Active'),
(825, 122419, 'Penalty', '2022-07-01', 375.00, '', 'Active'),
(826, 122421, 'Penalty', '2022-07-01', 375.00, '', 'Active'),
(827, 122422, 'Penalty', '2022-07-01', 375.00, '', 'Active'),
(831, 122426, 'Penalty', '2022-07-01', 375.00, '', 'Active'),
(832, 122383, 'Penalty', '0000-00-00', 479725.00, '', 'Active'),
(833, 122384, 'Penalty', '0000-00-00', 479725.00, '', 'Active'),
(834, 122385, 'Penalty', '0000-00-00', 479725.00, '', 'Active'),
(835, 122386, 'Penalty', '0000-00-00', 479725.00, '', 'Active'),
(836, 122387, 'Penalty', '0000-00-00', 479725.00, '', 'Active'),
(837, 122388, 'Penalty', '0000-00-00', 479725.00, '', 'Active'),
(838, 122389, 'Penalty', '0000-00-00', 479725.00, '', 'Active'),
(839, 122390, 'Penalty', '0000-00-00', 479725.00, '', 'Active'),
(840, 122391, 'Penalty', '0000-00-00', 479725.00, '', 'Active'),
(841, 122394, 'Penalty', '0000-00-00', 479725.00, '', 'Active'),
(842, 122398, 'Penalty', '0000-00-00', 479725.00, '', 'Active'),
(843, 122405, 'Penalty', '0000-00-00', 479725.00, '', 'Active'),
(844, 122406, 'Penalty', '0000-00-00', 479725.00, '', 'Active'),
(845, 122407, 'Penalty', '0000-00-00', 479725.00, '', 'Active'),
(846, 122408, 'Penalty', '0000-00-00', 479725.00, '', 'Active'),
(847, 122410, 'Penalty', '0000-00-00', 479725.00, '', 'Active'),
(848, 122411, 'Penalty', '0000-00-00', 479725.00, '', 'Active'),
(849, 122412, 'Penalty', '0000-00-00', 479725.00, '', 'Active'),
(850, 122413, 'Penalty', '0000-00-00', 479725.00, '', 'Active'),
(851, 122414, 'Penalty', '0000-00-00', 479725.00, '', 'Active'),
(852, 122415, 'Penalty', '0000-00-00', 479725.00, '', 'Active'),
(853, 122416, 'Penalty', '0000-00-00', 479725.00, '', 'Active'),
(854, 122417, 'Penalty', '0000-00-00', 479725.00, '', 'Active'),
(855, 122418, 'Penalty', '0000-00-00', 479725.00, '', 'Active'),
(856, 122419, 'Penalty', '0000-00-00', 479725.00, '', 'Active'),
(857, 122421, 'Penalty', '0000-00-00', 479725.00, '', 'Active'),
(858, 122422, 'Penalty', '0000-00-00', 479725.00, '', 'Active'),
(859, 122423, 'Penalty', '0000-00-00', 479725.00, '', 'Active'),
(860, 122424, 'Penalty', '0000-00-00', 479725.00, '', 'Active'),
(861, 122425, 'Penalty', '0000-00-00', 479725.00, '', 'Active'),
(862, 122426, 'Penalty', '0000-00-00', 479725.00, '', 'Active'),
(863, 0, 'Room rent', '2022-09-01', 90.00, '', 'Charges'),
(864, 0, 'Mess Bill', '2022-09-01', 90.00, '', 'Charges'),
(865, 0, 'Water Electricity', '2022-09-01', 80.00, '', 'Charges'),
(866, 0, 'Maintenance', '2022-09-01', 70.00, '', 'Charges'),
(867, 0, 'Total Charges', '2022-09-01', 330.00, '', 'Charges'),
(868, 122415, 'Room Rent', '2022-09-01', 0.00, '', 'Active'),
(869, 122415, 'Mess Bill', '2022-09-01', 0.00, '', 'Active'),
(870, 122415, 'Water Electricity', '2022-09-01', 0.00, '', 'Active'),
(871, 122415, 'Maintenance', '2022-09-01', 0.00, '', 'Active'),
(872, 122415, 'Total Charges', '2022-09-01', 0.00, '', 'Active'),
(873, 122419, 'Room Rent', '2022-09-01', 0.00, '', 'Active'),
(874, 122419, 'Mess Bill', '2022-09-01', 0.00, '', 'Active'),
(875, 122419, 'Water Electricity', '2022-09-01', 0.00, '', 'Active'),
(876, 122419, 'Maintenance', '2022-09-01', 0.00, '', 'Active'),
(877, 122419, 'Total Charges', '2022-09-01', 0.00, '', 'Active'),
(878, 122421, 'Room Rent', '2022-09-01', 0.00, '', 'Active'),
(879, 122421, 'Mess Bill', '2022-09-01', 0.00, '', 'Active'),
(880, 122421, 'Water Electricity', '2022-09-01', 0.00, '', 'Active'),
(881, 122421, 'Maintenance', '2022-09-01', 0.00, '', 'Active'),
(882, 122421, 'Total Charges', '2022-09-01', 0.00, '', 'Active'),
(883, 122422, 'Room Rent', '2022-09-01', 0.00, '', 'Active'),
(884, 122422, 'Mess Bill', '2022-09-01', 0.00, '', 'Active'),
(885, 122422, 'Water Electricity', '2022-09-01', 0.00, '', 'Active'),
(886, 122422, 'Maintenance', '2022-09-01', 0.00, '', 'Active'),
(887, 122422, 'Total Charges', '2022-09-01', 0.00, '', 'Active'),
(888, 122425, 'Room Rent', '2022-09-01', 0.00, '', 'Active'),
(889, 122425, 'Mess Bill', '2022-09-01', 0.00, '', 'Active'),
(890, 122425, 'Water Electricity', '2022-09-01', 0.00, '', 'Active'),
(891, 122425, 'Maintenance', '2022-09-01', 0.00, '', 'Active'),
(892, 122425, 'Total Charges', '2022-09-01', 0.00, '', 'Active'),
(893, 122426, 'Room Rent', '2022-09-01', 0.00, '', 'Active'),
(894, 122426, 'Mess Bill', '2022-09-01', 0.00, '', 'Active'),
(895, 122426, 'Water Electricity', '2022-09-01', 0.00, '', 'Active'),
(896, 122426, 'Maintenance', '2022-09-01', 0.00, '', 'Active'),
(897, 122426, 'Total Charges', '2022-09-01', 0.00, '', 'Active'),
(898, 122427, 'Room Rent', '2022-09-01', 0.00, '', 'Active'),
(899, 122427, 'Mess Bill', '2022-09-01', 0.00, '', 'Active'),
(900, 122427, 'Water Electricity', '2022-09-01', 0.00, '', 'Active'),
(901, 122427, 'Maintenance', '2022-09-01', 0.00, '', 'Active'),
(902, 122427, 'Total Charges', '2022-09-01', 0.00, '', 'Active'),
(903, 122383, 'Penalty', '0000-00-00', 479900.00, '', 'Active'),
(904, 122384, 'Penalty', '0000-00-00', 479900.00, '', 'Active'),
(905, 122385, 'Penalty', '0000-00-00', 479900.00, '', 'Active'),
(906, 122386, 'Penalty', '0000-00-00', 479900.00, '', 'Active'),
(907, 122387, 'Penalty', '0000-00-00', 479900.00, '', 'Active'),
(908, 122388, 'Penalty', '0000-00-00', 479900.00, '', 'Active'),
(909, 122389, 'Penalty', '0000-00-00', 479900.00, '', 'Active'),
(910, 122390, 'Penalty', '0000-00-00', 479900.00, '', 'Active'),
(911, 122391, 'Penalty', '0000-00-00', 479900.00, '', 'Active'),
(912, 122394, 'Penalty', '0000-00-00', 479900.00, '', 'Active'),
(913, 122398, 'Penalty', '0000-00-00', 479900.00, '', 'Active'),
(914, 122405, 'Penalty', '0000-00-00', 479900.00, '', 'Active'),
(915, 122406, 'Penalty', '0000-00-00', 479900.00, '', 'Active'),
(916, 122407, 'Penalty', '0000-00-00', 479900.00, '', 'Active'),
(917, 122408, 'Penalty', '0000-00-00', 479900.00, '', 'Active'),
(918, 122410, 'Penalty', '0000-00-00', 479900.00, '', 'Active'),
(919, 122411, 'Penalty', '0000-00-00', 479900.00, '', 'Active'),
(920, 122412, 'Penalty', '0000-00-00', 479900.00, '', 'Active'),
(921, 122413, 'Penalty', '0000-00-00', 479900.00, '', 'Active'),
(922, 122414, 'Penalty', '0000-00-00', 479900.00, '', 'Active'),
(923, 122415, 'Penalty', '0000-00-00', 479900.00, '', 'Active'),
(924, 122416, 'Penalty', '0000-00-00', 479900.00, '', 'Active'),
(925, 122417, 'Penalty', '0000-00-00', 479900.00, '', 'Active'),
(926, 122418, 'Penalty', '0000-00-00', 479900.00, '', 'Active'),
(927, 122419, 'Penalty', '0000-00-00', 479900.00, '', 'Active'),
(928, 122421, 'Penalty', '0000-00-00', 479900.00, '', 'Active'),
(929, 122422, 'Penalty', '0000-00-00', 479900.00, '', 'Active'),
(930, 122423, 'Penalty', '0000-00-00', 479900.00, '', 'Active'),
(931, 122424, 'Penalty', '0000-00-00', 479900.00, '', 'Active'),
(932, 122425, 'Penalty', '0000-00-00', 479900.00, '', 'Active'),
(933, 122426, 'Penalty', '0000-00-00', 479900.00, '', 'Active'),
(934, 122427, 'Penalty', '0000-00-00', 479900.00, '', 'Active'),
(967, 122383, 'Penalty', '2022-09-01', 0.00, '', 'Active'),
(968, 122384, 'Penalty', '2022-09-01', 0.00, '', 'Active'),
(969, 122385, 'Penalty', '2022-09-01', 0.00, '', 'Active'),
(970, 122386, 'Penalty', '2022-09-01', 0.00, '', 'Active'),
(971, 122387, 'Penalty', '2022-09-01', 0.00, '', 'Active'),
(972, 122388, 'Penalty', '2022-09-01', 0.00, '', 'Active'),
(973, 122389, 'Penalty', '2022-09-01', 0.00, '', 'Active'),
(974, 122390, 'Penalty', '2022-09-01', 0.00, '', 'Active'),
(975, 122391, 'Penalty', '2022-09-01', 0.00, '', 'Active'),
(976, 122394, 'Penalty', '2022-09-01', 0.00, '', 'Active'),
(977, 122398, 'Penalty', '2022-09-01', 0.00, '', 'Active'),
(978, 122405, 'Penalty', '2022-09-01', 0.00, '', 'Active'),
(979, 122406, 'Penalty', '2022-09-01', 0.00, '', 'Active'),
(980, 122407, 'Penalty', '2022-09-01', 0.00, '', 'Active'),
(981, 122408, 'Penalty', '2022-09-01', 0.00, '', 'Active'),
(982, 122410, 'Penalty', '2022-09-01', 0.00, '', 'Active'),
(983, 122411, 'Penalty', '2022-09-01', 0.00, '', 'Active'),
(984, 122412, 'Penalty', '2022-09-01', 0.00, '', 'Active'),
(985, 122413, 'Penalty', '2022-09-01', 0.00, '', 'Active'),
(986, 122414, 'Penalty', '2022-09-01', 0.00, '', 'Active'),
(987, 122415, 'Penalty', '2022-09-01', 0.00, '', 'Active'),
(988, 122416, 'Penalty', '2022-09-01', 0.00, '', 'Active'),
(989, 122417, 'Penalty', '2022-09-01', 0.00, '', 'Active'),
(990, 122418, 'Penalty', '2022-09-01', 0.00, '', 'Active'),
(991, 122419, 'Penalty', '2022-09-01', 0.00, '', 'Active'),
(992, 122421, 'Penalty', '2022-09-01', 0.00, '', 'Active'),
(993, 122422, 'Penalty', '2022-09-01', 0.00, '', 'Active'),
(994, 122423, 'Penalty', '2022-09-01', 0.00, '', 'Active'),
(995, 122424, 'Penalty', '2022-09-01', 0.00, '', 'Active'),
(996, 122425, 'Penalty', '2022-09-01', 0.00, '', 'Active'),
(997, 122426, 'Penalty', '2022-09-01', 0.00, '', 'Active'),
(998, 122427, 'Penalty', '2022-09-01', 0.00, '', 'Active'),
(999, 0, 'Room rent', '2021-01-01', 90.00, '', 'Charges'),
(1000, 0, 'Mess Bill', '2021-01-01', 70.00, '', 'Charges'),
(1001, 0, 'Water Electricity', '2021-01-01', 78.00, '', 'Charges'),
(1002, 0, 'Maintenance', '2021-01-01', 900.00, '', 'Charges'),
(1003, 0, 'Total Charges', '2021-01-01', 1138.00, '', 'Charges'),
(1004, 122415, 'Room Rent', '2021-01-01', 90.00, '', 'Active'),
(1005, 122415, 'Mess Bill', '2021-01-01', 0.00, '', 'Active'),
(1006, 122415, 'Water Electricity', '2021-01-01', 78.00, '', 'Active'),
(1007, 122415, 'Maintenance', '2021-01-01', 900.00, '', 'Active'),
(1008, 122415, 'Total Charges', '2021-01-01', 1068.00, '', 'Active'),
(1009, 122419, 'Room Rent', '2021-01-01', 90.00, '', 'Active'),
(1010, 122419, 'Mess Bill', '2021-01-01', 0.00, '', 'Active'),
(1011, 122419, 'Water Electricity', '2021-01-01', 78.00, '', 'Active'),
(1012, 122419, 'Maintenance', '2021-01-01', 900.00, '', 'Active'),
(1013, 122419, 'Total Charges', '2021-01-01', 1068.00, '', 'Active'),
(1014, 122421, 'Room Rent', '2021-01-01', 90.00, '', 'Active'),
(1015, 122421, 'Mess Bill', '2021-01-01', 0.00, '', 'Active'),
(1016, 122421, 'Water Electricity', '2021-01-01', 78.00, '', 'Active'),
(1017, 122421, 'Maintenance', '2021-01-01', 900.00, '', 'Active'),
(1018, 122421, 'Total Charges', '2021-01-01', 1068.00, '', 'Active'),
(1019, 122422, 'Room Rent', '2021-01-01', 90.00, '', 'Active'),
(1020, 122422, 'Mess Bill', '2021-01-01', 0.00, '', 'Active'),
(1021, 122422, 'Water Electricity', '2021-01-01', 78.00, '', 'Active'),
(1022, 122422, 'Maintenance', '2021-01-01', 900.00, '', 'Active'),
(1023, 122422, 'Total Charges', '2021-01-01', 1068.00, '', 'Active'),
(1024, 122425, 'Room Rent', '2021-01-01', 90.00, '', 'Active'),
(1025, 122425, 'Mess Bill', '2021-01-01', 0.00, '', 'Active'),
(1026, 122425, 'Water Electricity', '2021-01-01', 78.00, '', 'Active'),
(1027, 122425, 'Maintenance', '2021-01-01', 900.00, '', 'Active'),
(1028, 122425, 'Total Charges', '2021-01-01', 1068.00, '', 'Active'),
(1029, 122426, 'Room Rent', '2021-01-01', 90.00, '', 'Active'),
(1030, 122426, 'Mess Bill', '2021-01-01', 0.00, '', 'Active'),
(1031, 122426, 'Water Electricity', '2021-01-01', 78.00, '', 'Active'),
(1032, 122426, 'Maintenance', '2021-01-01', 900.00, '', 'Active'),
(1033, 122426, 'Total Charges', '2021-01-01', 1068.00, '', 'Active'),
(1034, 122427, 'Room Rent', '2021-01-01', 90.00, '', 'Active'),
(1035, 122427, 'Mess Bill', '2021-01-01', 0.00, '', 'Active'),
(1036, 122427, 'Water Electricity', '2021-01-01', 78.00, '', 'Active'),
(1037, 122427, 'Maintenance', '2021-01-01', 900.00, '', 'Active'),
(1038, 122427, 'Total Charges', '2021-01-01', 1068.00, '', 'Active'),
(1039, 122383, 'Penalty', '0000-00-00', 479900.00, '', 'Active'),
(1040, 122384, 'Penalty', '0000-00-00', 479900.00, '', 'Active'),
(1041, 122385, 'Penalty', '0000-00-00', 479900.00, '', 'Active'),
(1042, 122386, 'Penalty', '0000-00-00', 479900.00, '', 'Active'),
(1043, 122387, 'Penalty', '0000-00-00', 479900.00, '', 'Active'),
(1044, 122388, 'Penalty', '0000-00-00', 479900.00, '', 'Active'),
(1045, 122389, 'Penalty', '0000-00-00', 479900.00, '', 'Active'),
(1046, 122390, 'Penalty', '0000-00-00', 479900.00, '', 'Active'),
(1047, 122391, 'Penalty', '0000-00-00', 479900.00, '', 'Active'),
(1048, 122394, 'Penalty', '0000-00-00', 479900.00, '', 'Active'),
(1049, 122398, 'Penalty', '0000-00-00', 479900.00, '', 'Active'),
(1050, 122405, 'Penalty', '0000-00-00', 479900.00, '', 'Active'),
(1051, 122406, 'Penalty', '0000-00-00', 479900.00, '', 'Active'),
(1052, 122407, 'Penalty', '0000-00-00', 479900.00, '', 'Active'),
(1053, 122408, 'Penalty', '0000-00-00', 479900.00, '', 'Active'),
(1054, 122410, 'Penalty', '0000-00-00', 479900.00, '', 'Active'),
(1055, 122411, 'Penalty', '0000-00-00', 479900.00, '', 'Active'),
(1056, 122412, 'Penalty', '0000-00-00', 479900.00, '', 'Active'),
(1057, 122413, 'Penalty', '0000-00-00', 479900.00, '', 'Active'),
(1058, 122414, 'Penalty', '0000-00-00', 479900.00, '', 'Active'),
(1059, 122415, 'Penalty', '0000-00-00', 479900.00, '', 'Active'),
(1060, 122416, 'Penalty', '0000-00-00', 479900.00, '', 'Active'),
(1061, 122417, 'Penalty', '0000-00-00', 479900.00, '', 'Active'),
(1062, 122418, 'Penalty', '0000-00-00', 479900.00, '', 'Active'),
(1063, 122419, 'Penalty', '0000-00-00', 479900.00, '', 'Active'),
(1064, 122421, 'Penalty', '0000-00-00', 479900.00, '', 'Active'),
(1065, 122422, 'Penalty', '0000-00-00', 479900.00, '', 'Active'),
(1066, 122423, 'Penalty', '0000-00-00', 479900.00, '', 'Active'),
(1067, 122424, 'Penalty', '0000-00-00', 479900.00, '', 'Active'),
(1068, 122425, 'Penalty', '0000-00-00', 479900.00, '', 'Active'),
(1069, 122426, 'Penalty', '0000-00-00', 479900.00, '', 'Active'),
(1070, 122427, 'Penalty', '0000-00-00', 479900.00, '', 'Active'),
(1103, 122383, 'Penalty', '2021-01-01', 14200.00, '', 'Active'),
(1104, 122384, 'Penalty', '2021-01-01', 14200.00, '', 'Active'),
(1105, 122385, 'Penalty', '2021-01-01', 14200.00, '', 'Active'),
(1106, 122386, 'Penalty', '2021-01-01', 14200.00, '', 'Active'),
(1107, 122387, 'Penalty', '2021-01-01', 14200.00, '', 'Active'),
(1108, 122388, 'Penalty', '2021-01-01', 14200.00, '', 'Active'),
(1109, 122389, 'Penalty', '2021-01-01', 14200.00, '', 'Active'),
(1110, 122390, 'Penalty', '2021-01-01', 14200.00, '', 'Active'),
(1111, 122391, 'Penalty', '2021-01-01', 14200.00, '', 'Active'),
(1112, 122394, 'Penalty', '2021-01-01', 14200.00, '', 'Active'),
(1113, 122398, 'Penalty', '2021-01-01', 14200.00, '', 'Active'),
(1114, 122405, 'Penalty', '2021-01-01', 14200.00, '', 'Active'),
(1115, 122406, 'Penalty', '2021-01-01', 14200.00, '', 'Active'),
(1116, 122407, 'Penalty', '2021-01-01', 14200.00, '', 'Active'),
(1117, 122408, 'Penalty', '2021-01-01', 14200.00, '', 'Active'),
(1118, 122410, 'Penalty', '2021-01-01', 14200.00, '', 'Active'),
(1119, 122411, 'Penalty', '2021-01-01', 14200.00, '', 'Active'),
(1120, 122412, 'Penalty', '2021-01-01', 14200.00, '', 'Active'),
(1121, 122413, 'Penalty', '2021-01-01', 14200.00, '', 'Active'),
(1122, 122414, 'Penalty', '2021-01-01', 14200.00, '', 'Active'),
(1123, 122415, 'Penalty', '2021-01-01', 14200.00, '', 'Active'),
(1124, 122416, 'Penalty', '2021-01-01', 14200.00, '', 'Active'),
(1125, 122417, 'Penalty', '2021-01-01', 14200.00, '', 'Active'),
(1126, 122418, 'Penalty', '2021-01-01', 14200.00, '', 'Active'),
(1127, 122419, 'Penalty', '2021-01-01', 14200.00, '', 'Active'),
(1128, 122421, 'Penalty', '2021-01-01', 14200.00, '', 'Active'),
(1129, 122422, 'Penalty', '2021-01-01', 14200.00, '', 'Active'),
(1130, 122423, 'Penalty', '2021-01-01', 14200.00, '', 'Active'),
(1131, 122424, 'Penalty', '2021-01-01', 14200.00, '', 'Active'),
(1132, 122425, 'Penalty', '2021-01-01', 14200.00, '', 'Active'),
(1133, 122426, 'Penalty', '2021-01-01', 14200.00, '', 'Active'),
(1134, 122427, 'Penalty', '2021-01-01', 14200.00, '', 'Active'),
(1135, 0, 'Room rent', '2021-04-01', 233.00, '', 'Charges'),
(1136, 0, 'Mess Bill', '2021-04-01', 3000.00, '', 'Charges'),
(1137, 0, 'Water Electricity', '2021-04-01', 67.00, '', 'Charges'),
(1138, 0, 'Maintenance', '2021-04-01', 500.00, '', 'Charges'),
(1139, 0, 'Total Charges', '2021-04-01', 3800.00, '', 'Charges'),
(1140, 122415, 'Room Rent', '2021-04-01', 233.00, '', 'Active'),
(1141, 122415, 'Mess Bill', '2021-04-01', 200.00, '', 'Active'),
(1142, 122415, 'Water Electricity', '2021-04-01', 67.00, '', 'Active'),
(1143, 122415, 'Maintenance', '2021-04-01', 500.00, '', 'Active'),
(1144, 122415, 'Total Charges', '2021-04-01', 1000.00, '', 'Active'),
(1145, 122419, 'Room Rent', '2021-04-01', 233.00, '', 'Active'),
(1146, 122419, 'Mess Bill', '2021-04-01', 200.00, '', 'Active'),
(1147, 122419, 'Water Electricity', '2021-04-01', 67.00, '', 'Active'),
(1148, 122419, 'Maintenance', '2021-04-01', 500.00, '', 'Active'),
(1149, 122419, 'Total Charges', '2021-04-01', 1000.00, '', 'Active'),
(1150, 122421, 'Room Rent', '2021-04-01', 233.00, '', 'Active'),
(1151, 122421, 'Mess Bill', '2021-04-01', 200.00, '', 'Active'),
(1152, 122421, 'Water Electricity', '2021-04-01', 67.00, '', 'Active'),
(1153, 122421, 'Maintenance', '2021-04-01', 500.00, '', 'Active');
INSERT INTO `mess_bill` (`mess_bill_id`, `admission_id`, `charge_type`, `date`, `mess_bill`, `note`, `status`) VALUES
(1154, 122421, 'Total Charges', '2021-04-01', 1000.00, '', 'Active'),
(1155, 122422, 'Room Rent', '2021-04-01', 233.00, '', 'Active'),
(1156, 122422, 'Mess Bill', '2021-04-01', 300.00, '', 'Active'),
(1157, 122422, 'Water Electricity', '2021-04-01', 67.00, '', 'Active'),
(1158, 122422, 'Maintenance', '2021-04-01', 500.00, '', 'Active'),
(1159, 122422, 'Total Charges', '2021-04-01', 1100.00, '', 'Active'),
(1160, 122425, 'Room Rent', '2021-04-01', 233.00, '', 'Active'),
(1161, 122425, 'Mess Bill', '2021-04-01', 200.00, '', 'Active'),
(1162, 122425, 'Water Electricity', '2021-04-01', 67.00, '', 'Active'),
(1163, 122425, 'Maintenance', '2021-04-01', 500.00, '', 'Active'),
(1164, 122425, 'Total Charges', '2021-04-01', 1000.00, '', 'Active'),
(1165, 122426, 'Room Rent', '2021-04-01', 233.00, '', 'Active'),
(1166, 122426, 'Mess Bill', '2021-04-01', 300.00, '', 'Active'),
(1167, 122426, 'Water Electricity', '2021-04-01', 67.00, '', 'Active'),
(1168, 122426, 'Maintenance', '2021-04-01', 500.00, '', 'Active'),
(1169, 122426, 'Total Charges', '2021-04-01', 1100.00, '', 'Active'),
(1170, 122427, 'Room Rent', '2021-04-01', 233.00, '', 'Active'),
(1171, 122427, 'Mess Bill', '2021-04-01', 200.00, '', 'Active'),
(1172, 122427, 'Water Electricity', '2021-04-01', 67.00, '', 'Active'),
(1173, 122427, 'Maintenance', '2021-04-01', 500.00, '', 'Active'),
(1174, 122427, 'Total Charges', '2021-04-01', 1000.00, '', 'Active'),
(1175, 122383, 'Penalty', '0000-00-00', 479900.00, '', 'Active'),
(1176, 122384, 'Penalty', '0000-00-00', 479900.00, '', 'Active'),
(1177, 122385, 'Penalty', '0000-00-00', 479900.00, '', 'Active'),
(1178, 122386, 'Penalty', '0000-00-00', 479900.00, '', 'Active'),
(1179, 122387, 'Penalty', '0000-00-00', 479900.00, '', 'Active'),
(1180, 122388, 'Penalty', '0000-00-00', 479900.00, '', 'Active'),
(1181, 122389, 'Penalty', '0000-00-00', 479900.00, '', 'Active'),
(1182, 122390, 'Penalty', '0000-00-00', 479900.00, '', 'Active'),
(1183, 122391, 'Penalty', '0000-00-00', 479900.00, '', 'Active'),
(1184, 122394, 'Penalty', '0000-00-00', 479900.00, '', 'Active'),
(1185, 122398, 'Penalty', '0000-00-00', 479900.00, '', 'Active'),
(1186, 122405, 'Penalty', '0000-00-00', 479900.00, '', 'Active'),
(1187, 122406, 'Penalty', '0000-00-00', 479900.00, '', 'Active'),
(1188, 122407, 'Penalty', '0000-00-00', 479900.00, '', 'Active'),
(1189, 122408, 'Penalty', '0000-00-00', 479900.00, '', 'Active'),
(1190, 122410, 'Penalty', '0000-00-00', 479900.00, '', 'Active'),
(1191, 122411, 'Penalty', '0000-00-00', 479900.00, '', 'Active'),
(1192, 122412, 'Penalty', '0000-00-00', 479900.00, '', 'Active'),
(1193, 122413, 'Penalty', '0000-00-00', 479900.00, '', 'Active'),
(1194, 122414, 'Penalty', '0000-00-00', 479900.00, '', 'Active'),
(1195, 122415, 'Penalty', '0000-00-00', 479900.00, '', 'Active'),
(1196, 122416, 'Penalty', '0000-00-00', 479900.00, '', 'Active'),
(1197, 122417, 'Penalty', '0000-00-00', 479900.00, '', 'Active'),
(1198, 122418, 'Penalty', '0000-00-00', 479900.00, '', 'Active'),
(1199, 122419, 'Penalty', '0000-00-00', 479900.00, '', 'Active'),
(1200, 122421, 'Penalty', '0000-00-00', 479900.00, '', 'Active'),
(1201, 122422, 'Penalty', '0000-00-00', 479900.00, '', 'Active'),
(1202, 122423, 'Penalty', '0000-00-00', 479900.00, '', 'Active'),
(1203, 122424, 'Penalty', '0000-00-00', 479900.00, '', 'Active'),
(1204, 122425, 'Penalty', '0000-00-00', 479900.00, '', 'Active'),
(1205, 122426, 'Penalty', '0000-00-00', 479900.00, '', 'Active'),
(1206, 122427, 'Penalty', '0000-00-00', 479900.00, '', 'Active'),
(1207, 122383, 'Penalty', '0000-00-00', 479900.00, '', 'Active'),
(1208, 122384, 'Penalty', '0000-00-00', 479900.00, '', 'Active'),
(1209, 122385, 'Penalty', '0000-00-00', 479900.00, '', 'Active'),
(1210, 122386, 'Penalty', '0000-00-00', 479900.00, '', 'Active'),
(1211, 122387, 'Penalty', '0000-00-00', 479900.00, '', 'Active'),
(1212, 122388, 'Penalty', '0000-00-00', 479900.00, '', 'Active'),
(1213, 122389, 'Penalty', '0000-00-00', 479900.00, '', 'Active'),
(1214, 122390, 'Penalty', '0000-00-00', 479900.00, '', 'Active'),
(1215, 122391, 'Penalty', '0000-00-00', 479900.00, '', 'Active'),
(1216, 122394, 'Penalty', '0000-00-00', 479900.00, '', 'Active'),
(1217, 122398, 'Penalty', '0000-00-00', 479900.00, '', 'Active'),
(1218, 122405, 'Penalty', '0000-00-00', 479900.00, '', 'Active'),
(1219, 122406, 'Penalty', '0000-00-00', 479900.00, '', 'Active'),
(1220, 122407, 'Penalty', '0000-00-00', 479900.00, '', 'Active'),
(1221, 122408, 'Penalty', '0000-00-00', 479900.00, '', 'Active'),
(1222, 122410, 'Penalty', '0000-00-00', 479900.00, '', 'Active'),
(1223, 122411, 'Penalty', '0000-00-00', 479900.00, '', 'Active'),
(1224, 122412, 'Penalty', '0000-00-00', 479900.00, '', 'Active'),
(1225, 122413, 'Penalty', '0000-00-00', 479900.00, '', 'Active'),
(1226, 122414, 'Penalty', '0000-00-00', 479900.00, '', 'Active'),
(1227, 122415, 'Penalty', '0000-00-00', 479900.00, '', 'Active'),
(1228, 122416, 'Penalty', '0000-00-00', 479900.00, '', 'Active'),
(1229, 122417, 'Penalty', '0000-00-00', 479900.00, '', 'Active'),
(1230, 122418, 'Penalty', '0000-00-00', 479900.00, '', 'Active'),
(1231, 122419, 'Penalty', '0000-00-00', 479900.00, '', 'Active'),
(1232, 122421, 'Penalty', '0000-00-00', 479900.00, '', 'Active'),
(1233, 122422, 'Penalty', '0000-00-00', 479900.00, '', 'Active'),
(1234, 122423, 'Penalty', '0000-00-00', 479900.00, '', 'Active'),
(1235, 122424, 'Penalty', '0000-00-00', 479900.00, '', 'Active'),
(1236, 122425, 'Penalty', '0000-00-00', 479900.00, '', 'Active'),
(1237, 122426, 'Penalty', '0000-00-00', 479900.00, '', 'Active'),
(1238, 122427, 'Penalty', '0000-00-00', 479900.00, '', 'Active'),
(1270, 122383, 'Penalty', '0000-00-00', 479900.00, '', 'Active'),
(1271, 122384, 'Penalty', '0000-00-00', 479900.00, '', 'Active'),
(1272, 122385, 'Penalty', '0000-00-00', 479900.00, '', 'Active'),
(1273, 122386, 'Penalty', '0000-00-00', 479900.00, '', 'Active'),
(1274, 122387, 'Penalty', '0000-00-00', 479900.00, '', 'Active'),
(1275, 122388, 'Penalty', '0000-00-00', 479900.00, '', 'Active'),
(1276, 122389, 'Penalty', '0000-00-00', 479900.00, '', 'Active'),
(1277, 122390, 'Penalty', '0000-00-00', 479900.00, '', 'Active'),
(1278, 122391, 'Penalty', '0000-00-00', 479900.00, '', 'Active'),
(1279, 122394, 'Penalty', '0000-00-00', 479900.00, '', 'Active'),
(1280, 122398, 'Penalty', '0000-00-00', 479900.00, '', 'Active'),
(1281, 122405, 'Penalty', '0000-00-00', 479900.00, '', 'Active'),
(1282, 122406, 'Penalty', '0000-00-00', 479900.00, '', 'Active'),
(1283, 122407, 'Penalty', '0000-00-00', 479900.00, '', 'Active'),
(1284, 122408, 'Penalty', '0000-00-00', 479900.00, '', 'Active'),
(1285, 122410, 'Penalty', '0000-00-00', 479900.00, '', 'Active'),
(1286, 122411, 'Penalty', '0000-00-00', 479900.00, '', 'Active'),
(1287, 122412, 'Penalty', '0000-00-00', 479900.00, '', 'Active'),
(1288, 122413, 'Penalty', '0000-00-00', 479900.00, '', 'Active'),
(1289, 122414, 'Penalty', '0000-00-00', 479900.00, '', 'Active'),
(1290, 122415, 'Penalty', '0000-00-00', 479900.00, '', 'Active'),
(1291, 122416, 'Penalty', '0000-00-00', 479900.00, '', 'Active'),
(1292, 122417, 'Penalty', '0000-00-00', 479900.00, '', 'Active'),
(1293, 122418, 'Penalty', '0000-00-00', 479900.00, '', 'Active'),
(1294, 122419, 'Penalty', '0000-00-00', 479900.00, '', 'Active'),
(1295, 122421, 'Penalty', '0000-00-00', 479900.00, '', 'Active'),
(1296, 122422, 'Penalty', '0000-00-00', 479900.00, '', 'Active'),
(1297, 122423, 'Penalty', '0000-00-00', 479900.00, '', 'Active'),
(1298, 122424, 'Penalty', '0000-00-00', 479900.00, '', 'Active'),
(1299, 122425, 'Penalty', '0000-00-00', 479900.00, '', 'Active'),
(1300, 122426, 'Penalty', '0000-00-00', 479900.00, '', 'Active'),
(1301, 122427, 'Penalty', '0000-00-00', 479900.00, '', 'Active'),
(1302, 122383, 'Penalty', '2021-04-01', 11975.00, '', 'Active'),
(1303, 122384, 'Penalty', '2021-04-01', 11975.00, '', 'Active'),
(1304, 122385, 'Penalty', '2021-04-01', 11975.00, '', 'Active'),
(1305, 122386, 'Penalty', '2021-04-01', 11975.00, '', 'Active'),
(1306, 122387, 'Penalty', '2021-04-01', 11975.00, '', 'Active'),
(1307, 122388, 'Penalty', '2021-04-01', 11975.00, '', 'Active'),
(1308, 122389, 'Penalty', '2021-04-01', 11975.00, '', 'Active'),
(1309, 122390, 'Penalty', '2021-04-01', 11975.00, '', 'Active'),
(1310, 122391, 'Penalty', '2021-04-01', 11975.00, '', 'Active'),
(1311, 122394, 'Penalty', '2021-04-01', 11975.00, '', 'Active'),
(1312, 122398, 'Penalty', '2021-04-01', 11975.00, '', 'Active'),
(1313, 122405, 'Penalty', '2021-04-01', 11975.00, '', 'Active'),
(1314, 122406, 'Penalty', '2021-04-01', 11975.00, '', 'Active'),
(1315, 122407, 'Penalty', '2021-04-01', 11975.00, '', 'Active'),
(1316, 122408, 'Penalty', '2021-04-01', 11975.00, '', 'Active'),
(1317, 122410, 'Penalty', '2021-04-01', 11975.00, '', 'Active'),
(1318, 122411, 'Penalty', '2021-04-01', 11975.00, '', 'Active'),
(1319, 122412, 'Penalty', '2021-04-01', 11975.00, '', 'Active'),
(1320, 122414, 'Penalty', '2021-04-01', 11975.00, '', 'Active'),
(1321, 122415, 'Penalty', '2021-04-01', 11975.00, '', 'Active'),
(1322, 122416, 'Penalty', '2021-04-01', 11975.00, '', 'Active'),
(1323, 122417, 'Penalty', '2021-04-01', 11975.00, '', 'Active'),
(1324, 122418, 'Penalty', '2021-04-01', 11975.00, '', 'Active'),
(1325, 122419, 'Penalty', '2021-04-01', 11975.00, '', 'Active'),
(1326, 122421, 'Penalty', '2021-04-01', 11975.00, '', 'Active'),
(1327, 122422, 'Penalty', '2021-04-01', 11975.00, '', 'Active'),
(1328, 122423, 'Penalty', '2021-04-01', 11975.00, '', 'Active'),
(1329, 122424, 'Penalty', '2021-04-01', 11975.00, '', 'Active'),
(1330, 122425, 'Penalty', '2021-04-01', 11975.00, '', 'Active'),
(1331, 122426, 'Penalty', '2021-04-01', 11975.00, '', 'Active'),
(1332, 122427, 'Penalty', '2021-04-01', 11975.00, '', 'Active'),
(1333, 0, 'Room rent', '2022-03-01', 89.00, '', 'Charges'),
(1334, 0, 'Mess Bill', '2022-03-01', 6777.00, '', 'Charges'),
(1335, 0, 'Water Electricity', '2022-03-01', 89.00, '', 'Charges'),
(1336, 0, 'Maintenance', '2022-03-01', 67.00, '', 'Charges'),
(1337, 0, 'Total Charges', '2022-03-01', 7022.00, '', 'Charges'),
(1338, 122415, 'Room Rent', '2022-03-01', 89.00, '', 'Active'),
(1339, 122415, 'Mess Bill', '2022-03-01', 218.00, '', 'Active'),
(1340, 122415, 'Water Electricity', '2022-03-01', 89.00, '', 'Active'),
(1341, 122415, 'Maintenance', '2022-03-01', 67.00, '', 'Active'),
(1342, 122415, 'Total Charges', '2022-03-01', 463.00, '', 'Active'),
(1343, 122419, 'Room Rent', '2022-03-01', 89.00, '', 'Active'),
(1344, 122419, 'Mess Bill', '2022-03-01', 218.00, '', 'Active'),
(1345, 122419, 'Water Electricity', '2022-03-01', 89.00, '', 'Active'),
(1346, 122419, 'Maintenance', '2022-03-01', 67.00, '', 'Active'),
(1347, 122419, 'Total Charges', '2022-03-01', 463.00, '', 'Active'),
(1348, 122421, 'Room Rent', '2022-03-01', 89.00, '', 'Active'),
(1349, 122421, 'Mess Bill', '2022-03-01', 218.00, '', 'Active'),
(1350, 122421, 'Water Electricity', '2022-03-01', 89.00, '', 'Active'),
(1351, 122421, 'Maintenance', '2022-03-01', 67.00, '', 'Active'),
(1352, 122421, 'Total Charges', '2022-03-01', 463.00, '', 'Active'),
(1353, 122422, 'Room Rent', '2022-03-01', 89.00, '', 'Active'),
(1354, 122422, 'Mess Bill', '2022-03-01', 218.00, '', 'Active'),
(1355, 122422, 'Water Electricity', '2022-03-01', 89.00, '', 'Active'),
(1356, 122422, 'Maintenance', '2022-03-01', 67.00, '', 'Active'),
(1357, 122422, 'Total Charges', '2022-03-01', 463.00, '', 'Active'),
(1358, 122425, 'Room Rent', '2022-03-01', 89.00, '', 'Active'),
(1359, 122425, 'Mess Bill', '2022-03-01', 218.00, '', 'Active'),
(1360, 122425, 'Water Electricity', '2022-03-01', 89.00, '', 'Active'),
(1361, 122425, 'Maintenance', '2022-03-01', 67.00, '', 'Active'),
(1362, 122425, 'Total Charges', '2022-03-01', 463.00, '', 'Active'),
(1363, 122426, 'Room Rent', '2022-03-01', 89.00, '', 'Active'),
(1364, 122426, 'Mess Bill', '2022-03-01', 218.00, '', 'Active'),
(1365, 122426, 'Water Electricity', '2022-03-01', 89.00, '', 'Active'),
(1366, 122426, 'Maintenance', '2022-03-01', 67.00, '', 'Active'),
(1367, 122426, 'Total Charges', '2022-03-01', 463.00, '', 'Active'),
(1368, 122427, 'Room Rent', '2022-03-01', 89.00, '', 'Active'),
(1369, 122427, 'Mess Bill', '2022-03-01', 218.00, '', 'Active'),
(1370, 122427, 'Water Electricity', '2022-03-01', 89.00, '', 'Active'),
(1371, 122427, 'Maintenance', '2022-03-01', 67.00, '', 'Active'),
(1372, 122427, 'Total Charges', '2022-03-01', 463.00, '', 'Active'),
(1373, 122383, 'Penalty', '0000-00-00', 479900.00, '', 'Active'),
(1374, 122384, 'Penalty', '0000-00-00', 479900.00, '', 'Active'),
(1375, 122385, 'Penalty', '0000-00-00', 479900.00, '', 'Active'),
(1376, 122386, 'Penalty', '0000-00-00', 479900.00, '', 'Active'),
(1377, 122387, 'Penalty', '0000-00-00', 479900.00, '', 'Active'),
(1378, 122388, 'Penalty', '0000-00-00', 479900.00, '', 'Active'),
(1379, 122389, 'Penalty', '0000-00-00', 479900.00, '', 'Active'),
(1380, 122390, 'Penalty', '0000-00-00', 479900.00, '', 'Active'),
(1381, 122391, 'Penalty', '0000-00-00', 479900.00, '', 'Active'),
(1382, 122394, 'Penalty', '0000-00-00', 479900.00, '', 'Active'),
(1383, 122398, 'Penalty', '0000-00-00', 479900.00, '', 'Active'),
(1384, 122405, 'Penalty', '0000-00-00', 479900.00, '', 'Active'),
(1385, 122406, 'Penalty', '0000-00-00', 479900.00, '', 'Active'),
(1386, 122407, 'Penalty', '0000-00-00', 479900.00, '', 'Active'),
(1387, 122408, 'Penalty', '0000-00-00', 479900.00, '', 'Active'),
(1388, 122410, 'Penalty', '0000-00-00', 479900.00, '', 'Active'),
(1389, 122411, 'Penalty', '0000-00-00', 479900.00, '', 'Active'),
(1390, 122412, 'Penalty', '0000-00-00', 479900.00, '', 'Active'),
(1391, 122413, 'Penalty', '0000-00-00', 479900.00, '', 'Active'),
(1392, 122414, 'Penalty', '0000-00-00', 479900.00, '', 'Active'),
(1393, 122415, 'Penalty', '0000-00-00', 479900.00, '', 'Active'),
(1394, 122416, 'Penalty', '0000-00-00', 479900.00, '', 'Active'),
(1395, 122417, 'Penalty', '0000-00-00', 479900.00, '', 'Active'),
(1396, 122418, 'Penalty', '0000-00-00', 479900.00, '', 'Active'),
(1397, 122419, 'Penalty', '0000-00-00', 479900.00, '', 'Active'),
(1398, 122421, 'Penalty', '0000-00-00', 479900.00, '', 'Active'),
(1399, 122422, 'Penalty', '0000-00-00', 479900.00, '', 'Active'),
(1400, 122423, 'Penalty', '0000-00-00', 479900.00, '', 'Active'),
(1401, 122424, 'Penalty', '0000-00-00', 479900.00, '', 'Active'),
(1402, 122425, 'Penalty', '0000-00-00', 479900.00, '', 'Active'),
(1403, 122426, 'Penalty', '0000-00-00', 479900.00, '', 'Active'),
(1404, 122427, 'Penalty', '0000-00-00', 479900.00, '', 'Active'),
(1405, 122383, 'Penalty', '2022-03-01', 3600.00, '', 'Active'),
(1406, 122384, 'Penalty', '2022-03-01', 3600.00, '', 'Active'),
(1407, 122385, 'Penalty', '2022-03-01', 3600.00, '', 'Active'),
(1408, 122386, 'Penalty', '2022-03-01', 3600.00, '', 'Active'),
(1409, 122387, 'Penalty', '2022-03-01', 3600.00, '', 'Active'),
(1410, 122388, 'Penalty', '2022-03-01', 3600.00, '', 'Active'),
(1411, 122389, 'Penalty', '2022-03-01', 3600.00, '', 'Active'),
(1412, 122390, 'Penalty', '2022-03-01', 3600.00, '', 'Active'),
(1413, 122391, 'Penalty', '2022-03-01', 3600.00, '', 'Active'),
(1414, 122394, 'Penalty', '2022-03-01', 3600.00, '', 'Active'),
(1415, 122398, 'Penalty', '2022-03-01', 3600.00, '', 'Active'),
(1416, 122405, 'Penalty', '2022-03-01', 3600.00, '', 'Active'),
(1417, 122406, 'Penalty', '2022-03-01', 3600.00, '', 'Active'),
(1418, 122407, 'Penalty', '2022-03-01', 3600.00, '', 'Active'),
(1419, 122408, 'Penalty', '2022-03-01', 3600.00, '', 'Active'),
(1420, 122410, 'Penalty', '2022-03-01', 3600.00, '', 'Active'),
(1421, 122411, 'Penalty', '2022-03-01', 3600.00, '', 'Active'),
(1422, 122412, 'Penalty', '2022-03-01', 3600.00, '', 'Active'),
(1423, 122413, 'Penalty', '2022-03-01', 3600.00, '', 'Active'),
(1424, 122414, 'Penalty', '2022-03-01', 3600.00, '', 'Active'),
(1425, 122415, 'Penalty', '2022-03-01', 3600.00, '', 'Active'),
(1426, 122416, 'Penalty', '2022-03-01', 3600.00, '', 'Active'),
(1427, 122417, 'Penalty', '2022-03-01', 3600.00, '', 'Active'),
(1428, 122418, 'Penalty', '2022-03-01', 3600.00, '', 'Active'),
(1429, 122419, 'Penalty', '2022-03-01', 3600.00, '', 'Active'),
(1430, 122421, 'Penalty', '2022-03-01', 3600.00, '', 'Active'),
(1431, 122422, 'Penalty', '2022-03-01', 3600.00, '', 'Active'),
(1432, 122423, 'Penalty', '2022-03-01', 3600.00, '', 'Active'),
(1433, 122424, 'Penalty', '2022-03-01', 3600.00, '', 'Active'),
(1434, 122425, 'Penalty', '2022-03-01', 3600.00, '', 'Active'),
(1435, 122426, 'Penalty', '2022-03-01', 3600.00, '', 'Active'),
(1436, 122427, 'Penalty', '2022-03-01', 3600.00, '', 'Active'),
(1437, 122383, 'Penalty', '0000-00-00', 479125.00, '', 'Active'),
(1438, 122384, 'Penalty', '0000-00-00', 479125.00, '', 'Active'),
(1439, 122385, 'Penalty', '0000-00-00', 479125.00, '', 'Active'),
(1440, 122386, 'Penalty', '0000-00-00', 479125.00, '', 'Active'),
(1441, 122387, 'Penalty', '0000-00-00', 479125.00, '', 'Active'),
(1442, 122388, 'Penalty', '0000-00-00', 479125.00, '', 'Active'),
(1443, 122389, 'Penalty', '0000-00-00', 479125.00, '', 'Active'),
(1444, 122390, 'Penalty', '0000-00-00', 479125.00, '', 'Active'),
(1445, 122391, 'Penalty', '0000-00-00', 479125.00, '', 'Active'),
(1446, 122394, 'Penalty', '0000-00-00', 479125.00, '', 'Active'),
(1447, 122398, 'Penalty', '0000-00-00', 479125.00, '', 'Active'),
(1448, 122405, 'Penalty', '0000-00-00', 479125.00, '', 'Active'),
(1449, 122406, 'Penalty', '0000-00-00', 479125.00, '', 'Active'),
(1450, 122407, 'Penalty', '0000-00-00', 479125.00, '', 'Active'),
(1451, 122408, 'Penalty', '0000-00-00', 479125.00, '', 'Active'),
(1452, 122410, 'Penalty', '0000-00-00', 479125.00, '', 'Active'),
(1453, 122411, 'Penalty', '0000-00-00', 479125.00, '', 'Active'),
(1454, 122412, 'Penalty', '0000-00-00', 479125.00, '', 'Active'),
(1455, 122413, 'Penalty', '0000-00-00', 479125.00, '', 'Active'),
(1456, 122414, 'Penalty', '0000-00-00', 479125.00, '', 'Active'),
(1457, 122415, 'Penalty', '0000-00-00', 479125.00, '', 'Active'),
(1458, 122416, 'Penalty', '0000-00-00', 479125.00, '', 'Active'),
(1459, 122417, 'Penalty', '0000-00-00', 479125.00, '', 'Active'),
(1460, 122418, 'Penalty', '0000-00-00', 479125.00, '', 'Active'),
(1461, 122419, 'Penalty', '0000-00-00', 479125.00, '', 'Active'),
(1462, 122421, 'Penalty', '0000-00-00', 479125.00, '', 'Active'),
(1463, 122422, 'Penalty', '0000-00-00', 479125.00, '', 'Active'),
(1464, 122423, 'Penalty', '0000-00-00', 479125.00, '', 'Active'),
(1465, 122424, 'Penalty', '0000-00-00', 479125.00, '', 'Active'),
(1466, 122425, 'Penalty', '0000-00-00', 479125.00, '', 'Active'),
(1467, 122426, 'Penalty', '0000-00-00', 479125.00, '', 'Active'),
(1468, 122427, 'Penalty', '0000-00-00', 479125.00, '', 'Active'),
(1469, 0, 'Room rent', '2022-07-01', 200.00, '', 'Charges'),
(1470, 0, 'Mess Bill', '2022-07-01', 3000.00, '', 'Charges'),
(1471, 0, 'Water Electricity', '2022-07-01', 300.00, '', 'Charges'),
(1472, 0, 'Maintenance', '2022-07-01', 300.00, '', 'Charges'),
(1473, 0, 'Total Charges', '2022-07-01', 3800.00, '', 'Charges'),
(1474, 122429, 'Room Rent', '2022-07-01', 200.00, 'bill for july', 'Active'),
(1475, 122429, 'Mess Bill', '2022-07-01', 290.00, 'bill for july', 'Active'),
(1476, 122429, 'Water Electricity', '2022-07-01', 300.00, 'bill for july', 'Active'),
(1477, 122429, 'Maintenance', '2022-07-01', 300.00, 'bill for july', 'Active'),
(1478, 122429, 'Total Charges', '2022-07-01', 1090.00, 'bill for july', 'Active'),
(1479, 122412, 'Penalty', '0000-00-00', 479725.00, '', 'Active'),
(1480, 122413, 'Penalty', '0000-00-00', 479725.00, '', 'Active'),
(1481, 122414, 'Penalty', '0000-00-00', 479725.00, '', 'Active'),
(1482, 122416, 'Penalty', '0000-00-00', 479725.00, '', 'Active'),
(1483, 122417, 'Penalty', '0000-00-00', 479725.00, '', 'Active'),
(1484, 122418, 'Penalty', '0000-00-00', 479725.00, '', 'Active'),
(1485, 122423, 'Penalty', '0000-00-00', 479725.00, '', 'Active'),
(1486, 122424, 'Penalty', '0000-00-00', 479725.00, '', 'Active'),
(1487, 122425, 'Penalty', '0000-00-00', 479725.00, '', 'Active'),
(1488, 122427, 'Penalty', '0000-00-00', 479725.00, '', 'Active'),
(1489, 122429, 'Penalty', '0000-00-00', 479725.00, '', 'Active'),
(1490, 122412, 'Penalty', '2022-07-01', 375.00, '', 'Active'),
(1491, 122413, 'Penalty', '2022-07-01', 375.00, '', 'Active'),
(1492, 122414, 'Penalty', '2022-07-01', 375.00, '', 'Active'),
(1493, 122416, 'Penalty', '2022-07-01', 375.00, '', 'Active'),
(1494, 122417, 'Penalty', '2022-07-01', 375.00, '', 'Active'),
(1495, 122418, 'Penalty', '2022-07-01', 375.00, '', 'Active'),
(1496, 122423, 'Penalty', '2022-07-01', 375.00, '', 'Active'),
(1497, 122424, 'Penalty', '2022-07-01', 375.00, '', 'Active'),
(1498, 122425, 'Penalty', '2022-07-01', 375.00, '', 'Active'),
(1499, 122427, 'Penalty', '2022-07-01', 375.00, '', 'Active'),
(1500, 122429, 'Penalty', '2022-07-01', 375.00, '', 'Active');

-- --------------------------------------------------------

--
-- Table structure for table `room`
--

CREATE TABLE IF NOT EXISTS `room` (
  `room_id` int(10) NOT NULL AUTO_INCREMENT,
  `block_id` int(10) NOT NULL,
  `fee_str_id` int(10) NOT NULL,
  `room_no` int(10) NOT NULL,
  `no_of_beds` int(5) NOT NULL,
  `description` text NOT NULL,
  `status` varchar(10) NOT NULL,
  PRIMARY KEY (`room_id`)
) ENGINE=InnoDB  DEFAULT CHARSET=latin1 AUTO_INCREMENT=228 ;

--
-- Dumping data for table `room`
--

INSERT INTO `room` (`room_id`, `block_id`, `fee_str_id`, `room_no`, `no_of_beds`, `description`, `status`) VALUES
(21, 1, 3, 102, 1, 'Single occupancy room', 'Active'),
(25, 1, 3, 105, 1, 'Single occupancy', 'Active'),
(26, 1, 3, 106, 1, 'Single occupancy', 'Active'),
(27, 1, 3, 107, 1, 'Single occupancy', 'Active'),
(28, 1, 3, 108, 1, 'Single occupancy', 'Active'),
(29, 1, 3, 109, 1, 'Single occupancy', 'Active'),
(30, 1, 3, 110, 1, 'Single occupancy', 'Active'),
(203, 2, 6, 109, 3, '', 'Active'),
(204, 2, 13, 120, 1, '', 'Active'),
(208, 2, 17, 400, 2, '', 'Active'),
(212, 1, 5, 566, 2, 'go', 'Active');
